-15.753, 0.053, -1.153, 2.180, 0.840, 1.726, 0.162, -0.152, -1.213, -0.495, 0.086, 0.688, 11.658,?
-17.171, -0.513, -2.415, -0.177, -0.822, -0.203, 0.210, -3.183, -4.019, 0.637, 0.876, 3.639, 14.967,?
-19.021, -0.001, -1.439, -1.844, -2.393, 1.164, 5.282, -1.487, -6.082, -0.722, -1.041, 2.586, 16.895,?
-18.895, 0.927, 0.760, -2.609, -3.301, 0.945, 5.499, 5.568, 1.901, -0.934, -3.865, -2.473, 17.824,?
-17.069, 0.882, -0.890, -2.932, -1.415, 0.034, 1.372, 3.944, 4.324, -0.924, -1.541, -3.089, 17.986,?
-16.707, -0.050, -2.342, -2.340, -4.504, 1.729, 1.181, 1.131, 1.070, -3.691, 0.995, -1.755, 19.033,?
-16.871, -0.744, -0.833, -2.189, -5.452, 2.101, -2.325, -0.446, 1.104, -0.199, 0.530, -0.728, 20.612,?
-16.839, -1.879, -2.307, -3.676, -4.048, 0.456, -2.979, 1.858, 2.543, 4.560, 1.648, 0.842, 21.270,?
-17.992, -1.077, -1.976, -2.933, -1.668, 0.475, 1.706, 3.220, 2.648, 4.916, 3.536, 3.333, 22.071,?
-17.454, -1.030, -1.537, 0.781, 1.863, -0.047, 2.677, 1.208, 0.279, 3.122, 3.547, 7.718, 25.221,?
-13.981, 1.884, 0.931, 3.017, 5.983, 2.340, 3.713, 0.942, -1.586, 5.328, 2.710, 4.411, 28.933,?
-12.164, 4.851, 4.987, 5.912, 9.012, 5.262, 4.841, 2.765, 0.128, 7.836, 2.111, 1.964, 30.970,?
-11.771, 5.444, 4.408, 5.932, 9.318, 5.956, 4.107, 6.458, 0.248, 7.682, 5.341, 0.674, 33.609,?
-13.162, 4.459, 5.782, 8.505, 8.395, 7.052, 5.886, 9.239, 0.706, 6.405, 8.529, 0.478, 35.561,?
-14.338, 5.788, 7.926, 10.173, 6.420, 9.865, 6.143, 11.945, 5.342, 5.259, 11.069, 3.064, 36.184,?
-13.158, 7.384, 6.154, 8.220, 6.386, 13.756, 7.362, 10.092, 7.096, 3.563, 9.029, 2.649, 37.378,?
-11.994, 8.292, 3.584, 6.835, 8.861, 14.024, 5.787, 5.743, 5.815, 6.345, 5.804, -0.323, 38.558,?
-9.006, 8.886, 2.663, 4.000, 2.630, 7.984, -0.207, 2.843, 5.030, 11.742, 3.614, -5.057, 40.065,?
-6.001, 5.251, -1.869, -1.716, -4.726, 4.296, -1.457, 7.307, -2.932, 2.558, 1.677, -4.525, 41.909,?
-7.239, -1.166, -3.473, -3.641, -8.860, 1.674, 1.830, 11.590, -9.116, -6.670, 6.513, -6.330, 45.557,?
-5.716, 0.615, 1.651, -1.383, -10.248, -2.896, -1.450, 7.356, -11.026, -8.088, 7.049, -7.576, 50.697,?
-2.043, -1.825, -0.265, -7.844, -16.014, -5.090, -3.308, 4.173, -10.548, -6.506, -1.604, -9.622, 60.862,?
-2.449, -5.280, -1.674, -12.733, -19.210, -6.595, -2.933, 2.632, -13.060, -5.552, -4.131, -12.122, 68.576,?
-3.422, -5.235, -1.574, -12.956, -19.328, -5.528, 2.132, 1.302, -13.208, -2.789, -5.620, -12.297, 72.277,?
-4.857, -5.731, -2.455, -13.131, -20.436, -4.086, 5.159, -0.606, -15.307, -1.804, -8.464, -13.508, 72.815,?
-5.802, -6.166, -2.598, -13.169, -20.632, -3.474, 3.333, -0.732, -15.879, -3.062, -10.469, -13.406, 72.962,?
-7.019, -5.861, -4.075, -13.350, -20.668, -3.169, -0.916, -0.294, -15.533, -7.713, -9.888, -13.965, 73.565,?
-7.775, -5.829, -5.436, -13.818, -20.742, -2.813, -4.313, -0.391, -14.605, -11.003, -9.322, -14.310, 73.887,?
-7.730, -4.027, -3.989, -12.785, -19.185, -0.095, -4.096, 2.036, -10.645, -10.249, -6.768, -11.364, 74.564,?
-7.900, -4.172, -3.665, -14.158, -20.083, -0.446, -7.273, 2.575, -10.119, -12.007, -7.417, -10.780, 74.474,?
-7.853, -4.660, -4.078, -15.795, -21.022, -1.956, -11.194, 4.539, -12.615, -12.862, -8.737, -10.999, 73.996,?
-7.652, -4.789, -4.781, -17.164, -23.022, -3.209, -15.045, 5.229, -15.623, -12.592, -8.214, -12.067, 73.428,?
-6.150, -3.344, -2.834, -15.331, -24.429, -2.913, -17.002, 7.443, -15.191, -9.373, -6.458, -10.820, 72.252,?
-5.329, -3.155, -2.258, -14.841, -26.655, -6.621, -18.608, 5.996, -15.640, -9.326, -7.299, -12.176, 69.899,?
-3.809, -0.053, 1.968, -9.939, -25.042, -8.213, -14.199, 7.307, -10.676, -3.668, -4.391, -11.073, 67.194,?
-2.685, 0.902, 2.337, -9.110, -24.755, -7.447, -11.718, 4.048, -10.443, -1.493, -4.052, -10.384, 65.086,?
-3.047, 1.945, 1.027, -9.541, -22.483, -8.059, -11.812, 3.060, -10.409, -4.653, -5.751, -10.012, 62.708,?
-3.503, 4.738, 1.636, -6.824, -16.181, -4.354, -11.400, 1.507, -8.762, -5.332, -4.418, -8.941, 59.601,?
-5.458, 3.757, 1.992, 0.010, -14.062, 0.648, -13.055, -2.812, -9.078, -4.796, -1.822, -8.617, 57.144,?
-7.952, 0.773, 0.679, 4.327, -10.395, 6.593, -12.310, -2.762, -6.325, -1.840, 0.901, -6.829, 55.137,?
-9.941, -1.388, -1.278, 3.051, -8.885, 12.711, -10.123, -1.343, -2.327, -1.885, 1.735, -8.124, 52.621,?
-9.906, -1.529, -2.408, 1.377, -9.328, 12.848, -9.649, -2.074, -1.815, -3.040, 2.743, -7.338, 48.969,?
-8.332, 1.183, 2.122, 1.635, -11.574, 11.458, -7.176, -1.760, -0.547, 0.809, 4.026, -7.416, 44.218,?
-1.813, 5.053, 3.890, 1.000, -12.588, 6.359, -2.367, -3.062, -1.932, -1.425, 1.648, -3.178, 38.858,?
0.356, 6.665, -1.648, 1.003, -6.476, -2.090, -0.865, -3.973, -0.171, -2.070, 1.278, -3.293, 37.742,?
-4.729, 3.386, -2.173, 2.469, -3.827, -2.253, -1.126, -1.590, -3.134, -4.147, 0.591, -5.476, 41.385,?
-6.332, -9.006, -10.580, 6.413, 3.335, -2.666, 1.535, -1.589, 2.062, 1.338, -1.557, -3.526, 53.167,?
-5.778, -11.118, -13.469, 4.508, 0.836, -6.237, 1.801, 1.182, 8.263, 3.263, 0.644, -2.923, 60.869,?
-5.817, -11.877, -14.446, 4.984, -1.847, -8.713, -1.114, 4.164, 8.507, 3.184, 1.718, -0.942, 63.912,?
-5.238, -11.295, -13.802, 6.154, -2.589, -9.023, -3.544, 6.469, 8.593, 3.045, 1.188, 0.012, 63.238,?
-4.538, -9.460, -7.989, 6.043, 0.345, -5.346, -7.015, 11.529, 11.915, 2.839, -0.447, 0.674, 60.219,?
-5.875, -10.561, 0.446, 5.016, 2.205, -7.880, -9.538, 14.238, 17.680, 4.796, -4.668, 0.707, 57.783,?
-8.414, -12.040, 0.228, 2.514, 4.001, -5.151, -6.330, 10.930, 17.254, -0.048, -2.731, 0.649, 55.223,?
-9.129, -11.848, 2.399, 1.803, 2.743, -0.555, -6.984, 4.610, 11.103, -7.704, -0.255, -0.069, 54.057,?
-8.025, -13.256, 5.622, 4.339, 1.597, 4.381, -8.819, 1.929, 2.604, -8.998, 1.020, -2.711, 54.122,?
-8.342, -14.333, 3.220, 5.789, -0.900, 2.461, -11.944, -0.637, 0.462, -4.658, -1.462, -5.723, 54.146,?
-5.501, -7.024, 3.214, 7.795, -1.949, -1.660, -6.042, 1.454, 2.712, -0.767, -0.777, -3.870, 57.134,?
0.384, -2.374, -5.700, -0.231, -7.620, -8.989, -8.139, 1.485, 5.418, -3.834, -2.248, -6.659, 63.356,?
2.090, -1.772, -9.634, -0.148, -5.746, -13.469, -12.960, 6.195, 6.752, -7.839, -2.257, -9.116, 67.662,?
0.964, -2.979, -9.772, -1.138, -5.968, -18.393, -15.320, 9.688, 5.585, -11.606, -0.544, -9.317, 70.019,?
-0.225, -4.787, -11.359, -2.318, -7.382, -21.176, -14.111, 9.748, 2.626, -14.254, 0.786, -7.924, 71.177,?
-0.994, -5.736, -11.373, -1.960, -9.458, -20.177, -10.746, 9.041, -0.948, -15.519, 2.986, -6.579, 71.844,?
-2.313, -6.827, -10.336, -4.084, -13.063, -18.965, -10.404, 6.297, -4.830, -16.504, 3.184, -9.904, 72.264,?
-2.804, -7.849, -8.605, -4.399, -15.515, -15.500, -9.237, 8.132, -6.223, -18.195, 5.166, -12.082, 73.048,?
-3.306, -7.768, -7.634, -3.933, -17.246, -11.103, -8.457, 9.395, -7.359, -17.690, 6.269, -14.268, 73.615,?
-4.473, -6.947, -6.996, -5.546, -18.043, -8.822, -6.723, 7.218, -8.809, -15.703, 5.188, -17.568, 74.061,?
-4.988, -5.759, -6.955, -7.420, -17.198, -7.526, -4.457, 4.776, -7.739, -13.983, 4.848, -18.737, 74.137,?
-5.638, -5.719, -5.683, -9.068, -17.621, -6.763, -3.463, 3.299, -6.496, -13.906, 1.023, -17.894, 74.277,?
-6.072, -5.608, -5.110, -9.884, -18.911, -5.089, -3.849, 2.896, -6.803, -11.285, -2.904, -17.878, 74.215,?
-6.560, -4.741, -5.393, -8.811, -19.377, -3.168, -3.584, 2.270, -5.816, -8.850, -4.348, -17.300, 74.430,?
-7.499, -4.033, -6.245, -9.070, -20.382, -3.321, -4.113, 0.523, -6.125, -9.659, -6.714, -16.756, 74.538,?
-8.208, -2.693, -5.956, -9.628, -21.323, -1.736, -4.884, 1.051, -6.152, -9.780, -7.118, -15.707, 74.429,?
-8.876, -1.784, -5.574, -11.442, -20.926, -1.443, -8.365, 1.347, -7.377, -8.990, -7.331, -16.387, 74.015,?
-8.861, -1.105, -4.924, -12.025, -20.022, -2.200, -11.858, 2.107, -7.646, -8.581, -6.950, -16.071, 73.486,?
-8.338, -0.479, -4.162, -12.205, -20.225, -3.710, -15.126, 1.522, -7.424, -8.770, -6.469, -15.489, 72.449,?
-7.542, -0.395, -3.472, -12.059, -19.794, -2.917, -18.198, 2.727, -8.651, -8.821, -6.370, -13.512, 71.531,?
-6.869, -0.451, -2.988, -11.564, -20.568, -2.614, -21.967, 4.543, -9.817, -8.546, -6.720, -13.178, 70.753,?
-6.402, 1.211, -1.343, -9.378, -22.152, -4.048, -24.120, 5.003, -9.688, -5.016, -7.173, -13.421, 69.225,?
-6.487, 4.643, 1.232, -7.747, -20.671, -4.906, -24.779, 6.517, -8.489, -1.011, -5.832, -12.481, 66.667,?
-6.240, 7.036, 0.644, -7.364, -17.344, -3.374, -17.303, 5.167, -8.561, -1.965, -5.838, -10.278, 63.108,?
-6.142, 7.130, 2.973, -5.067, -16.721, -1.278, -9.774, 2.211, -7.924, -4.247, -6.217, -7.087, 60.449,?
-7.613, 4.446, 1.872, -3.081, -12.682, 1.047, -11.597, 1.767, -6.306, -0.219, -4.268, -8.441, 58.520,?
-9.889, 2.067, 0.310, -0.226, -9.989, 0.064, -13.002, 2.904, -6.673, 3.339, 0.784, -6.172, 56.416,?
-11.304, 1.521, 0.451, 0.729, -10.563, 0.513, -11.354, 2.724, -7.337, 1.516, -1.254, -9.342, 54.238,?
-11.828, 1.660, -0.102, 1.609, -9.905, 3.498, -8.733, 4.505, -4.879, 3.110, 4.182, -6.074, 52.033,?
-12.823, 0.397, -0.764, 1.450, -9.217, 5.405, -7.221, 8.093, -1.869, 4.500, 4.987, -2.924, 50.467,?
-11.958, 1.321, -0.160, 2.458, -4.905, 6.693, -4.958, 13.336, 1.888, 7.181, 4.731, -3.203, 48.260,?
-9.719, 4.902, 0.888, 1.288, -3.946, 5.240, -5.082, 15.138, 4.495, 7.093, 2.815, -1.762, 44.548,?
-7.334, 8.182, 3.343, 0.446, -5.724, 3.512, 0.216, 12.549, 7.105, 3.474, 1.820, 0.852, 40.083,?
-5.691, 8.312, 4.027, 1.847, 0.868, 5.048, 3.211, 6.742, 5.457, 4.460, 6.445, 0.978, 39.756,?
-4.233, 7.212, 1.753, 3.937, 3.237, 3.216, 1.313, 4.241, 3.128, 7.138, 6.659, 0.613, 41.323,?
-4.641, 5.926, -0.123, 4.551, 3.587, 2.009, 1.435, 2.177, 3.315, 8.280, 5.418, 0.896, 41.518,?
-5.947, 5.193, 0.336, 1.441, 4.008, 6.068, 6.108, 2.786, 7.354, 3.930, 1.996, 1.303, 41.924,?
-3.970, 5.105, 0.446, -4.862, -0.364, 8.218, 5.931, 1.443, 10.497, 3.015, 2.443, -2.673, 45.441,?
-2.801, 4.855, -0.889, -6.707, -2.635, 6.587, 2.201, 1.674, 9.814, 0.415, 3.745, -2.819, 47.008,?
-2.328, 6.034, -3.094, -7.397, -2.496, 5.614, 0.573, 0.911, 3.887, -4.553, 3.317, 0.115, 46.249,?
-2.692, 5.610, -4.293, -5.554, 1.454, 7.988, 0.113, -0.262, -0.716, -7.070, -0.443, -2.326, 45.259,?
-3.184, 5.457, -4.478, -3.767, 3.739, 10.317, 1.707, 5.257, 3.551, -6.687, -2.222, -3.413, 43.288,?
-3.423, 8.540, -0.478, -0.446, 2.607, 10.514, 3.331, 6.567, 2.632, -6.076, -1.492, 0.888, 41.093,?
-3.170, 8.583, 4.814, 6.902, 2.471, 3.968, 0.749, 4.367, -0.144, -3.080, -1.528, 2.851, 40.291,?
0.110, 9.488, 4.473, 3.944, -2.543, -2.353, -4.995, 0.148, -1.341, 2.731, 0.586, 0.498, 42.725,?
5.800, 13.896, 3.158, -0.723, -5.076, -0.724, -6.577, -7.574, -9.464, -2.552, -2.465, -2.187, 45.684,?
9.800, 14.548, -2.386, -2.947, -2.377, 3.206, -10.552, -15.075, -4.764, -0.773, -7.356, -5.210, 48.212,?
10.233, 12.658, -4.868, -2.338, -2.407, 0.403, -11.180, -16.567, -3.228, -3.631, -8.337, -7.751, 49.595,?
9.327, 10.896, -5.336, -0.963, -2.733, -4.677, -10.464, -15.334, -3.578, -6.321, -9.267, -11.960, 49.593,?
7.907, 10.673, -2.749, -0.465, -4.248, -5.769, -9.452, -12.621, -1.333, -9.472, -3.833, -13.143, 49.894,?
3.551, 10.282, 2.049, -2.545, -4.145, -4.495, -8.322, -9.669, -5.367, -8.304, -2.153, -13.005, 49.516,?
0.341, 8.486, 4.979, -2.388, -4.253, -4.604, -3.680, -5.087, -9.280, -5.830, -1.140, -5.196, 51.088,?
-0.575, 7.753, 4.564, -1.982, -4.170, -4.430, -4.037, -5.212, -8.476, -5.189, -1.340, -3.551, 51.737,?
-0.812, 7.771, 3.362, 0.135, -2.209, -4.590, -8.089, -8.258, -5.695, -3.178, -5.331, -2.796, 50.911,?
0.076, 4.072, 1.956, 1.585, -2.065, -9.058, -12.468, -4.635, 0.004, -2.235, -3.223, -0.534, 54.431,?
1.963, -0.288, -2.164, 0.788, -2.621, -8.936, -11.055, -4.331, -0.624, -2.906, -2.826, -1.350, 60.304,?
2.410, -3.436, -6.449, 0.412, -5.179, -7.837, -10.880, -7.667, -1.972, -3.025, -6.548, -6.344, 63.173,?
2.408, -5.662, -10.316, -0.011, -8.918, -9.410, -13.696, -13.001, -4.110, -3.457, -12.022, -9.867, 63.415,?
3.002, -4.909, -10.652, 0.905, -7.773, -8.807, -12.957, -14.002, -0.127, -1.417, -11.177, -10.305, 64.142,?
3.606, -6.999, -15.109, 1.895, -10.951, -9.880, -12.491, -14.686, 1.337, -1.268, -10.802, -14.135, 65.366,?
3.916, -8.469, -19.207, 5.715, -18.092, -11.411, -9.540, -16.275, 5.279, -1.893, -11.128, -16.551, 66.870,?
3.387, -9.133, -19.445, 8.060, -23.101, -10.432, -8.425, -14.292, 9.960, -5.909, -10.911, -15.582, 68.565,?
2.417, -9.575, -19.222, 7.485, -25.765, -11.706, -7.794, -11.431, 9.210, -8.725, -12.815, -15.394, 69.376,?
1.978, -10.035, -18.653, 8.575, -26.130, -12.179, -5.655, -8.437, 8.323, -9.048, -14.563, -14.343, 70.043,?
3.499, -10.921, -19.658, 15.031, -29.996, -10.604, 1.081, -6.772, 11.315, -12.801, -12.534, -11.323, 69.994,?
3.259, -13.645, -21.380, 14.985, -35.988, -12.857, 2.144, -9.323, 7.021, -17.314, -12.155, -12.219, 69.913,?
3.127, -13.790, -17.752, 13.791, -34.120, -8.821, 3.831, -5.869, 5.917, -16.119, -6.473, -11.778, 70.739,?
1.404, -15.130, -17.540, 11.694, -33.768, -8.882, 4.888, -8.435, 3.169, -17.390, -7.999, -11.063, 71.724,?
-0.700, -16.256, -15.797, 10.270, -31.412, -9.091, 4.211, -7.927, -2.524, -17.932, -9.678, -9.349, 72.727,?
-1.160, -14.850, -12.473, 10.858, -27.239, -7.541, 6.420, -5.133, -4.093, -15.038, -7.467, -4.624, 73.427,?
-2.014, -14.773, -11.616, 9.384, -27.397, -6.539, 6.724, -5.336, -5.558, -16.076, -6.997, -4.917, 73.590,?
-2.482, -14.570, -11.444, 7.407, -28.454, -5.116, 7.101, -6.791, -7.738, -15.604, -7.972, -6.055, 73.541,?
-3.220, -14.018, -11.936, 6.173, -28.219, -4.511, 7.610, -8.589, -9.542, -14.067, -9.018, -6.347, 73.799,?
-4.362, -14.919, -13.485, 3.862, -28.901, -6.823, 6.329, -11.562, -12.357, -15.210, -11.853, -8.363, 73.947,?
-4.345, -13.935, -10.794, 4.842, -25.289, -3.152, 9.512, -10.037, -9.806, -11.716, -9.966, -5.306, 74.942,?
-5.285, -14.067, -8.448, 3.573, -23.541, 0.592, 9.666, -10.563, -7.511, -11.765, -10.066, -3.103, 75.999,?
-6.255, -14.366, -7.909, 1.096, -22.471, 0.714, 8.927, -11.345, -8.405, -11.419, -11.798, -3.008, 76.709,?
-7.372, -14.882, -8.854, -0.323, -23.347, 0.769, 6.465, -13.448, -9.568, -11.860, -14.426, -4.879, 76.910,?
-8.582, -15.459, -8.893, -1.174, -23.073, 2.532, 4.548, -14.998, -8.622, -13.629, -15.058, -6.472, 77.345,?
-9.005, -15.446, -8.056, -1.809, -21.367, 2.968, 6.171, -15.607, -5.162, -14.181, -13.599, -4.773, 77.955,?
-8.511, -14.383, -7.271, -1.447, -19.251, 3.597, 7.834, -15.901, -2.877, -13.432, -12.447, -2.451, 78.076,?
-8.549, -13.843, -7.450, -1.141, -18.081, 4.720, 6.075, -14.687, -3.382, -12.529, -12.287, -1.227, 78.392,?
-10.621, -15.430, -9.384, -4.414, -19.720, 2.912, 0.652, -14.543, -9.048, -15.548, -14.566, -5.796, 78.507,?
-10.867, -14.410, -8.134, -4.777, -16.885, 4.200, 0.774, -10.854, -8.284, -14.755, -11.151, -6.381, 78.993,?
-10.651, -13.432, -7.136, -5.647, -12.916, 4.178, 1.211, -7.893, -8.237, -11.965, -8.007, -6.573, 79.257,?
-10.575, -12.576, -6.977, -6.831, -11.159, 4.182, 1.261, -7.174, -8.095, -9.420, -7.802, -6.323, 79.192,?
-11.791, -13.552, -9.053, -8.575, -12.500, 1.261, -3.287, -8.132, -9.947, -11.090, -9.863, -8.307, 79.102,?
-12.392, -14.043, -10.138, -9.023, -12.501, 0.135, -6.977, -8.830, -11.762, -12.137, -9.462, -11.164, 79.133,?
-11.345, -12.430, -8.610, -7.056, -10.180, 3.933, -5.787, -6.168, -9.568, -9.480, -5.427, -9.787, 79.314,?
-11.336, -12.700, -8.258, -6.030, -10.305, 5.474, -6.622, -4.355, -10.289, -8.709, -3.110, -10.870, 79.487,?
-11.523, -12.755, -7.591, -4.682, -9.209, 4.600, -5.392, -5.145, -10.524, -8.425, -3.317, -10.933, 79.940,?
-12.891, -14.844, -10.783, -7.521, -13.378, -0.620, -9.301, -11.102, -16.030, -12.128, -8.508, -14.763, 79.259,?
-12.275, -13.611, -9.835, -6.277, -12.365, -1.454, -6.941, -9.186, -14.475, -9.263, -7.362, -12.501, 79.165,?
-12.357, -11.707, -8.574, -3.658, -10.153, -0.871, -3.045, -7.348, -13.005, -6.575, -5.325, -9.419, 79.665,?
-13.194, -12.583, -9.975, -4.461, -9.888, -2.565, -4.577, -9.450, -16.246, -8.235, -7.609, -11.402, 79.302,?
-12.751, -12.698, -9.803, -3.256, -10.078, -2.679, -5.175, -7.800, -16.613, -8.057, -6.583, -12.053, 78.788,?
-12.325, -13.368, -9.355, -2.799, -11.436, -3.552, -7.500, -6.122, -16.539, -8.817, -5.248, -11.958, 78.486,?
-12.571, -13.442, -8.989, -2.217, -9.976, -3.964, -6.844, -4.524, -16.637, -7.731, -5.526, -11.001, 79.067,?
-12.205, -13.098, -9.404, -2.050, -8.068, -5.390, -5.092, -4.956, -17.476, -6.315, -6.226, -10.628, 78.841,?
-11.796, -12.439, -10.232, -1.271, -5.353, -6.107, -2.657, -5.491, -15.800, -5.874, -6.737, -9.072, 78.964,?
-11.921, -12.070, -10.975, -0.198, -4.768, -5.476, -1.943, -7.439, -16.039, -8.393, -6.623, -8.953, 78.709,?
-11.458, -11.196, -10.552, 1.171, -3.722, -4.117, -0.521, -5.920, -15.871, -7.542, -4.177, -8.699, 78.643,?
-11.542, -11.547, -10.706, 0.747, -2.567, -4.763, 1.144, -4.415, -16.647, -6.351, -6.022, -7.016, 78.646,?
-12.083, -12.556, -12.614, -0.674, -4.453, -7.266, 0.147, -7.261, -19.572, -6.964, -9.490, -6.456, 78.111,?
-10.960, -11.773, -12.414, 0.821, -2.874, -6.921, 1.878, -4.829, -17.780, -4.291, -8.429, -4.324, 77.819,?
-10.967, -11.849, -11.856, -0.201, -2.041, -6.289, 0.595, -4.203, -16.149, -6.931, -6.016, -4.871, 77.815,?
-11.027, -11.689, -11.734, -0.727, -0.826, -6.429, 1.377, -3.154, -16.435, -7.460, -4.241, -3.993, 77.815,?
-10.643, -11.938, -12.620, -0.384, -0.913, -7.874, 2.863, -2.108, -17.028, -7.130, -4.279, -3.649, 77.764,?
-10.564, -12.255, -14.077, -0.399, -2.762, -9.756, 2.470, -4.940, -17.847, -9.463, -6.048, -4.682, 77.326,?
-9.821, -11.184, -13.994, 1.070, -2.370, -8.568, 3.506, -4.832, -17.362, -10.374, -5.538, -3.918, 76.559,?
-10.163, -11.315, -14.668, 0.494, -2.554, -9.687, 3.680, -5.785, -17.486, -10.272, -7.046, -3.688, 76.242,?
-10.152, -11.599, -14.462, -0.444, -1.147, -11.185, 4.750, -4.693, -16.998, -8.520, -7.156, -3.170, 76.567,?
-9.583, -11.530, -13.234, -0.889, -1.196, -10.777, 4.535, -3.596, -15.594, -10.313, -4.764, -2.688, 76.510,?
-9.880, -11.973, -13.737, -3.081, -1.538, -11.917, 3.464, -4.267, -16.676, -13.085, -4.319, -4.747, 76.124,?
-9.107, -11.381, -13.119, -3.800, -1.479, -12.153, 3.647, -3.604, -16.827, -12.552, -4.255, -4.552, 75.674,?
-8.319, -11.672, -12.068, -4.354, -3.524, -12.081, 1.685, -3.794, -16.754, -13.667, -4.154, -4.038, 75.115,?
-7.451, -11.098, -10.289, -3.449, -1.811, -10.392, 4.063, -2.475, -15.295, -12.147, -2.885, -3.318, 74.970,?
-7.386, -11.265, -9.222, -5.495, -1.745, -11.556, 5.668, -1.736, -16.653, -9.626, -4.881, -3.272, 75.012,?
-7.192, -11.565, -8.459, -8.367, -2.635, -13.537, 3.558, -0.922, -19.379, -9.290, -6.872, -3.191, 74.720,?
-6.325, -11.213, -7.320, -8.809, -1.808, -13.243, 2.108, -0.610, -17.978, -8.551, -6.109, -2.808, 73.884,?
-6.517, -11.654, -7.162, -10.139, -3.419, -12.417, -0.697, -2.893, -17.588, -10.730, -6.759, -3.319, 73.341,?
-5.226, -10.459, -4.615, -9.994, -4.584, -9.623, -1.595, -0.060, -14.428, -8.192, -6.410, -0.093, 73.367,?
-4.330, -9.889, -3.387, -9.679, -7.972, -10.500, -3.853, -1.356, -12.686, -8.047, -8.318, 0.076, 71.936,?
-3.371, -7.013, -1.010, -4.793, -11.999, -12.077, -2.911, -6.061, -13.142, -5.685, -8.239, -2.551, 69.898,?
-3.287, -5.171, 1.739, -0.512, -13.310, -15.746, -9.786, -7.740, -16.972, -1.279, -5.477, -6.910, 68.183,?
-1.823, -3.683, 1.427, -3.598, -14.158, -15.345, -13.776, -5.509, -19.398, -0.218, -7.485, -7.925, 67.146,?
-0.708, -1.714, 0.251, -6.489, -13.985, -12.234, -16.782, -3.989, -19.145, 0.933, -9.184, -8.038, 66.366,?
0.272, -0.787, 0.382, -6.552, -14.071, -9.061, -20.221, -2.345, -17.548, 2.658, -8.938, -9.338, 65.768,?
0.943, -0.222, 0.231, -6.559, -16.201, -6.277, -21.876, -2.793, -19.301, 5.200, -8.875, -11.317, 65.145,?
1.367, 1.140, 0.572, -7.172, -16.552, -5.029, -21.428, -3.572, -20.462, 6.097, -8.340, -12.099, 64.538,?
2.006, 1.283, -0.811, -7.667, -17.424, -6.523, -20.202, -4.907, -21.051, 6.519, -10.354, -14.819, 64.025,?
2.866, 1.671, -0.420, -6.050, -18.218, -5.354, -18.875, -4.008, -20.959, 7.204, -9.728, -13.297, 63.743,?
3.620, 2.517, -0.158, -5.001, -17.547, -5.845, -20.015, -4.909, -20.501, 5.319, -7.844, -12.613, 62.384,?
5.239, 3.373, -0.970, -3.741, -17.562, -5.546, -19.955, -5.169, -20.096, 6.119, -7.490, -14.403, 60.828,?
6.147, 3.900, -0.912, -2.297, -19.859, -3.303, -20.405, -7.828, -17.406, 4.769, -6.165, -15.777, 59.735,?
6.502, 6.139, 0.471, -2.225, -17.537, -1.909, -21.811, -8.072, -14.637, 4.102, -5.826, -13.741, 58.066,?
5.468, 10.214, 1.007, -1.552, -12.547, -3.695, -21.484, -6.828, -13.148, 1.451, -4.736, -13.708, 55.617,?
4.088, 10.887, 3.133, 2.400, -8.998, -0.353, -18.633, -7.298, -10.323, -2.960, -0.842, -15.874, 53.369,?
2.226, 7.183, 4.193, 7.287, -4.325, 3.114, -19.250, -7.022, -5.702, -8.624, -3.533, -8.697, 52.609,?
-0.381, 1.528, 2.266, 10.773, -0.593, 0.804, -17.622, -7.085, -4.776, -7.716, -6.694, -3.985, 52.153,?
-3.834, -1.132, 0.604, 10.874, 0.455, 0.291, -16.139, -4.184, -1.955, -4.794, -6.563, -3.685, 50.488,?
-7.045, 1.599, 3.695, 10.416, 2.925, 1.972, -12.367, -1.518, -0.811, -4.514, -7.147, -3.708, 47.941,?
-9.791, 3.310, 1.415, 1.988, -1.645, 2.370, -5.504, 3.167, -3.167, -1.713, -0.962, -1.896, 46.563,?
-12.035, 3.097, -0.063, -1.674, -4.930, 0.363, -2.839, 1.528, 0.576, -0.638, -0.678, -3.103, 46.457,?
-13.125, 3.331, -0.050, -0.065, -2.182, 1.202, -5.061, -1.362, 2.849, 1.400, 1.274, -3.486, 46.525,?
-13.479, 3.688, -0.185, 3.035, -1.334, 4.104, -5.747, -2.379, 4.514, 3.323, 2.477, -2.379, 45.781,?
-12.298, 4.734, 2.221, 4.200, -3.929, 5.327, 2.280, -0.422, -0.602, -2.372, 1.112, -2.546, 46.246,?
-12.237, 3.964, 4.503, 4.913, -2.987, 2.931, 2.699, 2.371, -2.675, -5.707, -3.742, -3.052, 46.683,?
-11.120, -2.520, -0.103, 3.318, -0.359, 2.853, 0.838, 3.274, 4.678, 1.857, -1.363, -0.608, 50.193,?
-11.333, -7.809, -2.672, -1.262, -4.230, -0.086, -0.291, 2.656, 7.676, 3.048, 2.563, 3.424, 54.464,?
-12.364, -8.201, -4.552, -2.295, -6.803, -1.634, -2.150, 2.021, 6.812, 2.838, 2.522, 3.860, 55.217,?
-14.360, -6.484, -5.881, -2.424, -8.692, -3.809, -3.526, 1.808, 3.533, 1.388, 1.006, 1.686, 53.844,?
-14.489, -5.816, -5.136, -3.455, -8.645, -6.283, -2.670, 1.660, 1.795, 1.540, 0.036, 1.951, 53.732,?
-15.257, -0.549, -1.613, -0.716, -5.759, -6.707, -3.986, -1.064, -0.400, 0.141, -4.813, 3.659, 52.619,?
-17.015, 3.577, 1.124, 3.343, 0.287, -0.646, -5.042, -3.691, -1.879, 0.411, -6.381, 4.774, 52.053,?
-15.020, -1.526, -4.658, 0.796, -1.949, -0.608, -2.024, 2.743, 0.301, 5.725, 0.021, 1.465, 55.077,?
-14.425, -7.576, -7.442, -2.098, -5.926, -0.146, -0.284, 6.387, 4.675, 8.103, 3.648, 0.570, 58.213,?
-14.474, -7.602, -6.852, -2.423, -6.336, 0.743, -0.519, 7.931, 6.072, 8.915, 4.396, 0.786, 58.737,?
-16.418, -4.547, -3.289, -1.135, -4.598, 1.316, -0.397, 7.633, 4.253, 6.374, 4.004, 1.141, 57.003,?
-19.346, -1.812, 3.073, 0.615, -4.830, 4.188, 4.216, 7.263, -1.080, -0.012, 5.362, 2.015, 55.173,?
-18.584, -1.544, 3.774, 1.969, -0.803, 9.896, 4.746, 4.420, -2.444, -7.920, 1.426, 1.048, 56.625,?
-17.495, -2.838, -0.159, 1.057, -1.054, 9.738, 2.030, 3.871, -1.048, -6.022, 3.751, -0.679, 58.524,?
-16.612, -4.311, -5.031, 0.605, -4.868, 4.674, -1.921, 3.482, -0.226, -5.903, 4.271, -0.116, 60.335,?
-6.811, -7.940, -14.089, -0.878, -1.881, 0.618, -7.919, 2.674, -0.276, -9.688, -0.480, -0.646, 67.223,?
-2.549, -12.047, -15.605, -1.492, 2.390, -2.464, -9.209, 5.004, -3.926, -13.410, 0.183, -5.521, 73.724,?
-2.973, -13.089, -16.128, -2.362, 4.108, -2.647, -10.881, 5.311, -7.023, -15.082, -1.390, -7.741, 76.769,?
-4.156, -13.412, -15.943, -3.159, 6.974, -2.472, -11.073, 3.731, -8.561, -14.570, -2.974, -7.151, 77.094,?
-4.841, -13.855, -16.655, -4.805, 6.503, -4.103, -11.064, 0.075, -9.872, -14.130, -5.806, -6.761, 76.467,?
-5.508, -14.994, -18.009, -6.454, 4.570, -6.051, -11.877, -2.704, -11.522, -16.312, -8.163, -7.945, 75.897,?
-5.822, -14.042, -18.158, -5.835, 5.219, -6.677, -10.816, -0.564, -10.840, -16.682, -6.097, -7.788, 76.483,?
-5.889, -13.593, -16.494, -4.280, 6.502, -7.520, -7.066, 1.113, -9.712, -14.763, -4.613, -6.807, 77.331,?
-6.029, -13.384, -16.614, -2.598, 6.413, -8.879, -5.095, 2.447, -8.628, -14.069, -5.584, -7.324, 77.546,?
-6.358, -13.457, -17.063, -1.289, 5.335, -8.846, -5.474, 1.862, -7.591, -12.792, -7.702, -7.170, 77.454,?
-7.808, -14.926, -17.511, -2.338, 4.654, -11.593, -9.159, -0.323, -9.223, -12.803, -10.160, -8.992, 77.874,?
-8.370, -14.711, -17.142, -1.740, 6.949, -12.548, -10.475, -0.441, -8.542, -10.473, -9.104, -9.488, 78.102,?
-8.522, -14.489, -17.458, -1.412, 7.990, -13.752, -11.422, -0.694, -9.228, -9.143, -8.524, -10.457, 77.975,?
-8.010, -14.754, -17.149, -1.540, 8.055, -14.182, -11.357, -1.010, -9.764, -9.502, -7.783, -11.930, 77.651,?
-8.161, -14.697, -17.678, -0.845, 7.697, -13.752, -11.458, -0.863, -10.508, -9.324, -8.484, -11.450, 77.800,?
-8.558, -14.611, -18.438, -0.429, 6.319, -13.935, -11.841, -0.825, -11.506, -10.140, -10.033, -10.866, 77.612,?
-8.121, -14.394, -17.630, 0.223, 6.135, -14.118, -10.159, -1.547, -10.404, -10.186, -9.294, -8.565, 77.304,?
-8.339, -14.619, -17.558, 0.520, 5.962, -14.700, -9.487, -1.761, -10.394, -10.868, -9.273, -8.079, 77.416,?
-8.719, -14.856, -16.872, 1.622, 7.197, -14.114, -8.644, 0.017, -11.142, -10.248, -9.068, -6.211, 77.688,?
-8.667, -15.497, -15.970, 1.783, 7.439, -11.680, -8.877, 2.102, -12.146, -9.613, -9.620, -4.236, 77.458,?
-9.204, -15.238, -16.634, 1.430, 7.384, -11.338, -8.760, 1.602, -13.012, -10.976, -9.360, -4.421, 77.328,?
-8.606, -13.851, -16.104, 3.255, 8.509, -10.635, -5.954, 2.986, -10.584, -8.969, -6.622, -3.763, 77.319,?
-9.471, -15.083, -17.083, 2.229, 6.474, -13.761, -6.618, 0.225, -12.478, -11.076, -7.812, -5.880, 77.173,?
-8.981, -14.531, -15.694, 3.217, 8.077, -11.000, -5.344, 3.446, -9.254, -7.435, -5.756, -4.258, 77.241,?
-9.873, -15.891, -16.913, 1.366, 6.840, -11.780, -8.405, 1.500, -9.692, -7.795, -8.322, -5.749, 77.116,?
-9.733, -15.104, -16.623, 3.652, 7.980, -10.901, -7.645, 2.993, -8.335, -4.513, -7.032, -5.288, 77.308,?
-9.353, -14.100, -16.497, 5.527, 8.316, -9.956, -6.545, 5.586, -7.339, -1.431, -5.474, -5.683, 77.364,?
-9.385, -14.530, -17.510, 4.220, 6.076, -9.585, -7.814, 4.985, -8.453, -2.248, -5.452, -7.109, 76.887,?
-9.297, -14.154, -17.223, 4.366, 6.421, -7.943, -8.899, 6.742, -7.735, -3.242, -3.896, -6.200, 76.874,?
-10.138, -15.569, -17.301, 2.512, 5.759, -8.836, -10.780, 5.780, -7.924, -4.799, -4.121, -6.480, 76.745,?
-9.479, -16.551, -16.732, 2.067, 5.289, -8.551, -10.877, 5.696, -8.528, -4.067, -1.590, -6.527, 75.763,?
-7.322, -16.350, -16.432, 2.504, 5.266, -8.722, -10.011, 4.604, -8.104, -3.454, -0.346, -6.293, 74.689,?
-6.107, -16.124, -17.643, 3.819, 5.560, -10.475, -8.285, 5.387, -9.230, -2.813, -0.551, -5.722, 74.090,?
-6.321, -17.186, -16.205, 2.769, 4.317, -9.610, -9.738, 5.452, -10.955, -3.053, -0.709, -6.903, 74.504,?
-6.238, -18.038, -14.222, 2.211, 4.497, -8.417, -10.393, 6.395, -9.717, -3.616, 2.294, -7.909, 74.864,?
-5.546, -18.757, -13.410, 0.833, 3.322, -6.999, -12.074, 6.252, -9.298, -5.905, 3.501, -8.862, 74.116,?
-5.623, -20.204, -13.072, -0.640, 1.999, -6.107, -13.450, 6.526, -9.988, -6.153, 1.827, -9.300, 73.574,?
-5.155, -19.874, -12.153, 0.491, 3.891, -5.958, -12.953, 8.037, -10.275, -4.126, 2.194, -8.766, 73.093,?
-3.514, -19.314, -10.978, 0.398, 3.627, -6.330, -12.975, 7.869, -11.174, -4.021, 2.372, -8.746, 72.949,?
-2.672, -20.625, -9.974, -0.177, 1.782, -5.025, -13.179, 7.958, -12.299, -5.286, 2.089, -8.556, 72.868,?
-2.416, -21.938, -9.807, -0.714, 0.609, -4.833, -13.438, 7.106, -10.520, -7.957, 4.158, -10.314, 72.836,?
-0.526, -23.104, -6.746, -1.742, -3.722, -2.211, -13.796, 4.993, -11.205, -10.263, 5.786, -13.756, 71.885,?
0.798, -27.485, -3.406, -3.300, -6.156, 0.536, -15.843, 6.424, -11.916, -12.171, 6.802, -16.075, 71.478,?
1.976, -28.519, -1.042, -3.547, -3.941, 1.449, -15.880, 8.842, -10.786, -12.384, 9.732, -16.825, 70.259,?
3.482, -25.813, -0.315, -2.675, -2.494, 0.130, -15.701, 9.632, -10.560, -13.033, 9.945, -15.931, 69.136,?
4.457, -22.267, -1.042, -3.158, -2.424, -2.415, -14.902, 6.682, -13.095, -10.014, 6.098, -14.469, 67.911,?
4.885, -20.123, -1.881, -1.670, -2.064, -1.359, -9.954, 7.172, -13.711, -8.512, 8.028, -14.122, 67.265,?
4.208, -18.111, 1.058, -1.910, -1.441, 3.395, -10.769, 8.607, -9.236, -11.357, 12.081, -16.929, 64.485,?
2.591, -13.438, 4.591, -0.720, -0.521, 7.810, -8.929, 8.699, -3.055, -10.636, 9.894, -13.939, 60.799,?
-0.979, -11.645, 7.914, 5.578, 3.140, 10.225, -4.840, 8.353, -3.689, -7.416, 8.703, -10.154, 56.748,?
-2.979, -8.991, 8.331, 4.541, 0.098, 9.281, -3.279, 10.081, 1.033, -5.022, 6.161, -10.937, 53.719,?
-3.748, -7.728, 7.400, 7.184, 1.367, 6.392, -8.057, 9.037, 4.499, -4.248, 7.296, -9.787, 51.838,?
-3.991, -6.639, 7.464, 11.775, 2.579, 5.078, -15.201, 3.663, 1.560, -6.869, 9.194, -9.050, 49.904,?
-4.826, -6.255, 5.674, 10.879, 2.023, 3.672, -11.671, 5.389, 4.024, -4.054, 7.844, -10.219, 48.721,?
-6.447, -7.144, 4.712, 8.949, 2.645, 4.261, -2.822, 10.895, 3.224, -2.948, 6.966, -6.934, 47.581,?
-5.968, -4.249, 6.747, 6.990, -1.113, 5.578, 3.071, 11.443, 1.201, -4.292, 3.190, -4.265, 45.917,?
-4.632, -1.913, 6.007, 8.780, -0.324, 5.889, 4.619, 6.330, 2.601, 0.303, -0.023, -4.128, 43.909,?
-4.413, -0.169, 4.068, 12.247, 4.788, 3.213, 2.653, 4.245, 2.953, -2.133, -3.911, -1.317, 42.178,?
-4.257, 0.524, 1.551, 12.329, 9.289, 4.140, 2.047, 3.866, 3.329, -5.798, -4.824, 0.678, 41.878,?
-4.001, -0.569, -2.531, 11.318, 10.205, 4.420, 4.257, 2.838, 0.184, -4.338, -5.879, -0.671, 40.867,?
-6.252, 0.734, -0.885, 12.658, 6.974, 8.172, 4.933, 3.137, -2.693, -3.154, -9.729, 0.285, 41.392,?
-10.175, 1.287, 3.858, 14.182, 3.730, 10.339, 4.445, 1.627, -1.929, 0.415, -8.477, -2.280, 43.749,?
-11.724, -4.735, 8.168, 11.111, -6.921, 12.435, 8.923, 6.991, 2.608, -0.347, -1.906, 1.852, 49.422,?
-12.032, -9.024, 9.501, 6.058, -15.951, 5.548, 4.938, 5.175, 5.501, -0.673, -2.989, -2.464, 57.525,?
-11.949, -9.089, 9.753, 5.381, -17.692, 5.938, 5.543, 5.548, 6.692, -0.826, -3.570, -2.930, 62.089,?
-11.397, -7.575, 9.266, 3.970, -14.370, 8.944, 5.556, 1.457, 2.673, -1.496, -3.747, -0.583, 63.785,?
-11.179, -6.774, 6.694, 2.919, -10.294, 10.106, 1.658, -2.564, -0.663, 0.101, -4.464, 0.607, 64.411,?
-10.966, -8.801, 1.342, -1.262, -12.692, 6.826, 1.321, 0.444, -0.810, 4.224, -7.128, 0.989, 65.322,?
-12.002, -11.146, 0.313, -3.201, -14.808, 6.761, -0.894, 1.400, -0.323, 6.220, -9.144, 1.189, 65.221,?
-13.404, -10.703, 2.444, 2.054, -10.276, 10.575, -0.996, 3.244, 0.757, 9.300, -8.359, 2.172, 64.153,?
-17.161, -8.163, 2.882, 5.334, -6.654, 11.621, -0.076, 4.258, -2.064, 12.517, -3.760, 2.511, 62.695,?
-17.309, -5.087, 0.702, 3.724, -8.472, 8.638, -0.437, 1.374, -4.923, 14.254, 0.247, 1.691, 62.063,?
-17.439, -1.990, -1.878, 6.928, -5.753, 5.354, -2.188, 2.597, -5.295, 11.304, 1.054, -1.795, 60.773,?
-18.346, -2.228, -3.486, 7.576, -8.859, 3.869, -2.232, 2.835, -0.772, 9.025, -0.265, -3.577, 59.462,?
-18.376, -1.812, -2.874, 8.124, -12.107, 5.167, -1.502, 0.994, 3.077, 7.442, 0.306, -3.398, 57.720,?
-18.735, -0.169, -3.407, 7.546, -8.116, 4.118, -2.633, 0.957, 3.347, 7.535, -1.144, -3.999, 56.515,?
-19.547, 2.169, -3.588, 9.419, -5.626, 4.085, -2.892, -1.204, 1.692, 9.222, 0.771, -4.202, 54.837,?
-18.605, 5.934, -2.744, 11.535, -9.710, 8.707, 2.784, -1.478, 0.575, 9.072, 1.581, -3.803, 53.836,?
-17.507, 8.914, -3.625, 15.017, -14.926, 12.691, 7.758, -4.639, 2.107, 10.008, 1.957, -4.009, 52.288,?
-17.280, 9.857, -5.952, 18.059, -17.733, 13.203, 9.503, -6.565, 3.175, 9.065, 1.162, -3.672, 51.508,?
-16.755, 9.075, -7.689, 16.632, -17.827, 10.758, 7.781, -7.416, 1.876, 6.010, 1.034, -4.903, 52.522,?
-17.644, 9.822, -7.219, 17.487, -18.319, 10.644, 9.811, -9.285, 2.197, 5.794, 0.414, -5.372, 50.769,?
-19.937, 11.808, -5.150, 20.961, -19.777, 13.547, 13.154, -9.927, 2.264, 6.965, 1.020, -7.776, 48.036,?
-17.380, 11.030, -8.186, 17.071, -15.823, 10.978, 7.691, -7.386, 3.650, 4.420, 2.613, -6.605, 50.791,?
-18.993, 14.064, -6.233, 18.364, -14.026, 15.401, 9.398, -7.312, 6.268, 5.281, 1.345, -6.827, 48.466,?
-18.924, 13.510, -4.835, 14.875, -7.705, 17.618, 6.926, -2.352, 4.851, 6.164, 0.658, -5.047, 49.882,?
-18.333, 11.147, -3.799, 12.072, -5.700, 16.307, 5.500, -1.016, 5.072, 5.632, -1.087, -4.634, 51.577,?
-18.059, 8.199, -3.584, 5.777, -5.295, 13.702, 3.330, -0.276, 5.929, 6.669, -4.743, -6.746, 52.518,?
-17.666, 6.656, -2.998, 0.873, -2.596, 13.365, 1.393, 1.732, 5.631, 9.641, -8.205, -9.184, 52.941,?
-17.041, 4.988, -2.482, 1.895, -3.574, 12.153, 0.301, 1.659, 2.528, 8.109, -8.891, -6.306, 53.868,?
-16.891, 2.770, -1.047, 3.202, -3.223, 10.124, 0.235, 0.170, -1.370, 9.004, -8.281, -0.977, 54.752,?
-17.231, -0.506, -1.865, 0.101, -3.592, 8.361, -2.431, 0.187, 2.214, 12.782, -9.690, 1.715, 54.910,?
-16.476, -2.303, -4.746, -3.619, -5.966, 5.919, -1.153, 4.128, 7.758, 14.362, -10.850, -0.932, 54.985,?
-14.346, -1.058, -4.483, -3.676, -6.690, 7.343, 0.063, 2.316, 7.692, 12.757, -12.002, -2.258, 54.556,?
-12.830, -2.224, -4.257, -4.029, -6.796, 9.444, 1.672, 0.968, 6.160, 9.638, -9.405, -1.671, 53.888,?
-12.958, -2.357, -4.239, -4.868, -6.404, 8.977, 0.994, -0.421, 2.771, 8.522, -5.633, -6.127, 53.098,?
-13.710, -3.071, -3.228, -4.867, -5.740, 6.082, 2.716, 0.427, -1.141, 8.910, -2.163, -4.174, 51.910,?
-13.102, -2.162, -2.016, -2.083, -2.608, 4.017, 2.097, 0.132, -5.417, 7.089, -2.947, -3.945, 50.827,?
-12.002, -1.176, -0.465, 1.865, 3.007, 6.357, 1.202, 2.116, -5.036, 2.640, -6.879, -3.536, 49.268,?
-9.933, 0.681, 2.230, 2.922, 1.458, 5.030, 4.075, 3.343, -1.348, 3.490, -7.935, -0.468, 46.811,?
-8.654, 2.040, 3.870, 5.644, 3.953, 5.097, 4.759, 3.222, 1.545, 9.380, -5.778, -1.483, 43.041,?
-10.676, 1.660, 4.567, 4.573, 4.006, 8.415, 5.852, 7.592, -0.378, 4.858, -3.185, 1.697, 43.576,?
-12.725, 0.982, 2.808, 0.992, 0.212, 5.560, 5.802, 8.256, -0.371, 0.864, -2.132, 4.178, 45.743,?
-14.380, -1.496, -1.679, -0.523, -3.116, 0.824, 4.425, 8.707, 3.612, 2.057, -1.452, 4.963, 49.869,?
-14.423, -5.673, -5.129, -5.470, -0.987, -3.250, 0.634, 7.990, 5.746, 3.932, -3.716, 4.001, 56.094,?
-15.211, -4.382, -8.066, -6.693, -0.722, -7.048, -3.095, 5.303, 3.145, 3.736, -1.088, 4.931, 61.139,?
-17.634, 0.630, -9.266, -4.229, 0.851, -5.793, -4.015, 4.203, 2.841, 4.844, 2.185, 5.566, 63.523,?
-21.204, 4.768, -5.416, -4.296, 1.915, -2.201, -3.061, 2.435, 3.283, 6.085, 1.462, 5.989, 63.387,?
-20.002, 9.343, -0.299, -8.241, -5.056, -5.744, -3.965, -4.758, -2.788, 1.513, -8.012, 2.791, 64.496,?
-13.186, 9.486, -3.076, -16.185, -13.291, -12.150, -5.452, -5.122, -3.421, -0.704, -13.892, -2.403, 68.100,?
-7.893, 3.246, -2.829, -17.130, -14.200, -8.417, -6.103, -3.070, -1.965, -3.245, -10.612, -3.828, 71.400,?
-6.612, -1.189, -1.830, -17.153, -16.475, -3.821, -6.062, 0.005, -0.091, -4.719, -11.585, -6.313, 73.099,?
-7.199, -2.358, -2.343, -17.283, -16.567, -1.653, -3.609, 0.774, 1.128, -4.539, -13.266, -8.544, 73.679,?
-7.157, -5.102, -4.784, -18.362, -17.173, -1.596, -3.238, -2.885, -1.530, -6.477, -13.459, -11.041, 73.809,?
-7.936, -7.745, -7.419, -18.645, -17.520, -2.378, -5.044, -3.815, -6.886, -9.146, -15.301, -13.476, 73.797,?
-8.154, -8.713, -8.143, -17.430, -17.474, -2.871, -7.185, -4.513, -10.994, -8.995, -14.645, -12.144, 73.544,?
-7.942, -8.683, -8.060, -14.214, -15.627, -0.288, -4.717, -6.478, -10.420, -6.710, -11.279, -9.813, 74.276,?
-7.292, -8.507, -8.161, -10.790, -12.974, 3.175, -0.128, -6.674, -7.828, -6.561, -6.628, -8.834, 74.772,?
-7.384, -10.586, -10.492, -11.925, -14.881, 1.032, -3.105, -8.414, -12.523, -9.670, -6.282, -11.579, 74.486,?
-7.228, -11.843, -11.806, -13.286, -14.775, -1.114, -5.827, -7.900, -16.344, -9.638, -7.694, -10.096, 74.231,?
-6.418, -11.559, -10.472, -12.813, -12.837, 0.689, -4.555, -5.826, -15.762, -6.402, -5.111, -7.431, 74.451,?
-6.311, -12.043, -10.722, -12.697, -13.273, -1.388, -4.318, -7.447, -17.323, -5.416, -3.818, -8.819, 74.464,?
-6.394, -11.996, -10.921, -12.325, -11.674, -5.477, -3.223, -6.875, -18.585, -4.148, -2.252, -9.024, 74.908,?
-6.644, -12.083, -13.541, -12.304, -11.640, -10.064, -4.319, -7.452, -21.921, -4.954, -4.297, -11.058, 74.405,?
-6.312, -11.305, -13.693, -11.763, -8.609, -11.050, -4.639, -4.160, -22.839, -3.293, -4.930, -6.842, 74.131,?
-6.558, -10.888, -13.130, -10.913, -6.303, -11.508, -4.138, -2.844, -20.314, -4.988, -2.005, -4.155, 74.267,?
-6.313, -10.818, -12.650, -10.056, -4.060, -12.882, -2.333, -3.953, -17.099, -7.182, 0.858, -3.547, 74.228,?
-6.927, -11.800, -14.376, -11.008, -5.156, -15.349, -3.124, -6.000, -16.243, -7.741, -0.309, -2.387, 73.585,?
-8.087, -13.348, -16.986, -11.935, -7.529, -18.631, -8.547, -7.968, -17.211, -9.816, -4.636, -3.060, 73.164,?
-6.753, -12.205, -15.013, -8.276, -4.290, -17.711, -8.458, -4.291, -12.216, -8.512, -2.955, -0.675, 73.320,?
-5.977, -11.594, -14.863, -6.039, -3.559, -19.746, -9.368, -2.698, -7.669, -9.023, -1.236, 0.010, 72.621,?
-5.060, -11.099, -14.047, -4.114, -5.154, -20.457, -9.554, -3.422, -4.031, -8.360, -3.223, 0.749, 71.713,?
-4.718, -11.247, -14.294, -5.984, -7.106, -24.014, -12.825, -6.680, -2.890, -11.384, -7.088, -0.013, 69.954,?
-2.577, -8.138, -8.835, -2.350, -4.753, -23.443, -12.709, -6.798, 2.371, -12.290, -2.673, -1.173, 68.116,?
-1.076, -7.702, -7.048, -1.352, -7.586, -25.008, -17.863, -10.888, -1.111, -13.055, -1.815, -2.869, 66.260,?
0.156, -6.642, -5.147, -1.053, -9.030, -27.738, -21.674, -14.435, -3.417, -13.084, -3.473, -0.402, 64.360,?
0.789, -4.922, -3.877, -1.491, -8.310, -25.725, -24.838, -14.749, -4.732, -13.453, -5.863, 0.239, 62.984,?
1.012, -3.294, -3.308, -3.182, -7.522, -23.093, -27.317, -16.087, -3.407, -13.906, -7.679, 1.513, 62.247,?
1.497, -1.517, -1.681, -2.845, -7.383, -20.219, -24.553, -17.858, -0.947, -14.186, -7.566, 3.099, 61.624,?
2.559, -0.420, -1.874, -3.818, -7.284, -18.168, -21.907, -18.338, -2.525, -15.161, -9.137, 1.823, 59.725,?
3.044, 1.952, -2.657, -2.705, -8.502, -15.368, -21.098, -18.692, -9.051, -12.678, -11.743, -1.659, 56.428,?
2.043, 1.412, 0.925, 0.929, -9.916, -7.782, -16.258, -20.138, -11.706, -5.860, -3.942, -2.700, 55.153,?
-0.264, -3.405, -0.151, -0.040, -9.798, -1.037, -12.207, -16.619, -7.521, -3.301, -0.017, -3.985, 55.273,?
-4.658, -5.788, -5.690, -4.104, -9.107, -1.343, -6.534, -13.634, -2.249, -0.700, 4.936, -1.710, 53.981,?
-10.458, -0.521, -6.763, -0.717, -2.515, -3.380, -5.835, -6.523, -3.817, -3.075, 2.163, -1.456, 54.711,?
-14.107, -1.830, -2.877, 1.634, -1.439, -12.295, -10.575, 3.179, 1.963, 2.291, 6.732, -3.214, 62.166,?
-13.936, -2.122, -2.590, 0.440, -2.224, -13.460, -7.058, 2.319, 2.039, 5.101, 6.003, -1.926, 67.790,?
-13.562, -0.816, -2.681, 0.111, -2.767, -13.381, -1.895, 1.145, 1.997, 7.140, 2.344, -2.997, 69.518,?
-15.338, 2.391, -5.333, 1.292, -2.394, -11.214, 2.321, -0.862, 5.073, 7.117, 2.180, -5.060, 68.459,?
-18.968, 6.689, -8.750, 4.273, 0.935, -6.825, 4.137, -1.896, 5.222, 5.653, 4.040, -8.316, 65.141,?
-20.758, 8.008, -12.865, 7.689, 0.884, -4.649, 5.216, 2.629, 0.654, 5.060, 6.130, -13.808, 62.102,?
-21.339, 8.725, -17.875, 8.843, -4.930, -5.415, 3.962, 6.249, -7.782, 5.576, 9.054, -14.396, 57.825,?
-19.953, 11.828, -18.251, 11.815, -7.762, 0.806, 1.884, 8.394, -5.504, 5.730, 8.036, -8.677, 54.471,?
-16.676, 16.185, -18.062, 13.416, -12.270, 6.857, 1.008, 8.596, 3.024, 1.699, 4.249, -8.727, 52.454,?
-13.879, 18.087, -17.178, 11.865, -16.995, 8.994, -1.465, 9.320, 8.068, -1.925, 3.476, -5.106, 51.368,?
-13.204, 16.907, -16.850, 9.826, -19.052, 8.076, -2.301, 4.819, 4.654, -0.364, 3.258, -4.091, 50.274,?
-13.103, 5.654, -15.290, 10.354, -17.941, 13.305, -4.799, 4.125, 3.538, 0.621, 1.803, -3.835, 53.056,?
-14.201, -0.021, -12.045, 6.558, -11.835, 11.701, -2.763, 9.134, 2.758, 4.870, 3.567, -1.367, 56.445,?
-13.960, -1.973, -8.352, 5.290, -10.876, 11.018, -4.803, 11.622, -0.199, 3.424, 6.328, -6.384, 57.536,?
-13.793, -1.300, -6.835, 3.290, -10.688, 12.926, -4.133, 9.687, -6.554, -0.142, 3.225, -13.455, 58.716,?
-13.570, 0.162, -4.781, 1.685, -10.948, 16.575, -6.983, 7.447, -11.990, -2.785, 4.848, -17.198, 59.170,?
-10.033, 0.846, -3.879, 2.571, -14.735, 8.474, -12.266, 3.510, -11.429, -2.921, 6.056, -11.225, 62.635,?
-4.891, 1.661, -4.153, -1.801, -19.672, -0.058, -9.400, 5.425, -6.685, -0.788, 1.038, -12.745, 67.741,?
-3.352, -0.310, -3.864, -4.287, -21.100, -0.866, -7.605, 5.948, -9.830, -0.113, 1.763, -15.126, 71.510,?
-4.488, -2.501, -3.675, -5.883, -20.200, -2.665, -5.574, 4.408, -13.417, 0.638, 3.182, -15.836, 73.605,?
-6.178, -3.486, -4.532, -6.507, -20.956, -5.387, -6.692, 1.557, -14.785, -0.383, 2.946, -16.145, 74.025,?
-6.746, -4.197, -4.837, -8.304, -21.293, -6.749, -5.392, 0.959, -14.889, -1.103, 0.008, -17.062, 74.506,?
-7.078, -5.061, -6.328, -8.976, -19.481, -3.931, -1.776, 2.244, -14.017, -2.990, -1.804, -16.630, 75.425,?
-7.743, -6.254, -7.685, -9.194, -18.356, -0.731, -1.260, 2.128, -15.084, -6.063, -3.380, -15.926, 76.405,?
-7.989, -6.572, -8.345, -8.220, -16.445, 0.277, 0.840, 2.619, -15.319, -6.404, -1.168, -14.917, 76.963,?
-8.352, -6.871, -8.855, -8.175, -15.093, -1.118, 1.372, 2.533, -14.766, -6.683, 0.082, -14.522, 76.725,?
-8.257, -7.315, -8.328, -7.935, -14.301, -1.772, 2.283, 2.534, -14.353, -7.773, 1.255, -13.887, 76.524,?
-7.710, -7.874, -7.816, -6.894, -13.514, -1.776, 1.340, 2.426, -13.627, -9.855, 3.869, -11.859, 76.334,?
-7.165, -8.645, -8.801, -7.367, -13.392, -3.659, -0.269, 3.843, -14.800, -12.270, 4.107, -11.021, 75.949,?
-6.348, -8.683, -9.673, -6.561, -11.376, -5.223, -0.673, 6.991, -16.422, -12.562, 4.026, -8.774, 75.679,?
-6.173, -8.292, -11.189, -5.795, -10.665, -6.373, -0.035, 7.367, -16.525, -13.022, 3.472, -7.880, 75.487,?
-5.827, -7.608, -13.119, -5.132, -8.851, -9.849, -0.389, 8.073, -15.639, -14.995, 2.533, -7.778, 75.130,?
-4.845, -7.679, -14.456, -4.015, -6.933, -12.631, -1.586, 9.011, -13.533, -15.837, 0.908, -6.706, 74.586,?
-4.126, -7.921, -15.282, -4.980, -6.158, -13.746, -4.722, 9.534, -12.039, -15.553, -2.339, -5.858, 73.922,?
-2.537, -7.677, -15.209, -4.412, -4.764, -14.252, -4.311, 9.884, -9.599, -14.594, -4.019, -3.798, 73.252,?
-2.407, -7.081, -16.690, -4.260, -3.173, -15.866, -5.140, 10.000, -8.494, -14.293, -4.420, -5.225, 73.104,?
-2.417, -6.693, -16.740, -5.943, -1.816, -14.864, -7.842, 8.603, -4.897, -13.086, -5.182, -7.372, 73.002,?
-1.441, -6.770, -17.535, -6.516, -2.240, -13.838, -11.107, 7.004, -2.137, -11.751, -7.010, -8.555, 72.204,?
0.001, -5.862, -18.161, -5.957, -2.049, -12.822, -11.175, 4.959, 1.308, -10.208, -6.583, -8.961, 71.313,?
1.353, -5.121, -19.006, -7.354, -0.808, -12.051, -12.431, 2.296, 2.815, -9.995, -5.941, -10.271, 70.100,?
2.311, -4.995, -19.392, -8.035, 0.850, -13.065, -12.761, 2.726, 1.811, -9.423, -4.139, -11.467, 69.331,?
3.021, -4.448, -20.478, -7.923, 0.949, -11.349, -15.508, 2.275, -0.700, -6.214, -4.255, -12.795, 68.653,?
3.682, -3.427, -20.278, -9.354, 2.543, -8.854, -18.275, 2.894, -0.735, -5.736, -2.964, -12.279, 67.728,?
4.467, -3.012, -19.832, -8.964, 3.142, -8.088, -17.150, 1.453, 1.054, -6.751, -1.564, -10.860, 66.739,?
4.890, -3.341, -19.425, -9.413, 2.909, -6.864, -18.559, -0.110, 1.482, -8.967, -1.258, -10.331, 65.771,?
5.255, -3.314, -18.083, -9.152, 2.130, -3.566, -19.539, -0.864, 3.287, -7.908, -0.390, -9.837, 65.396,?
5.538, -3.282, -17.281, -7.634, -1.417, -1.235, -18.988, -4.235, 4.139, -7.584, -0.948, -9.476, 64.454,?
6.273, -2.080, -17.209, -5.506, -2.839, 1.463, -19.220, -4.079, 4.394, -7.082, 0.654, -8.983, 62.991,?
6.003, -2.161, -16.651, -4.947, -3.354, 1.115, -20.791, -4.128, 4.323, -8.138, 1.526, -11.145, 62.012,?
5.568, -2.800, -15.422, -3.962, -3.617, 1.008, -20.594, -3.980, 5.975, -9.434, 1.106, -10.333, 62.030,?
5.353, -3.745, -14.164, -1.889, -4.164, -0.777, -19.004, -4.031, 5.083, -9.224, 0.912, -10.245, 61.970,?
5.229, -3.829, -12.315, -0.563, -5.503, 1.054, -19.715, -4.196, 5.161, -9.221, 0.875, -10.638, 61.330,?
4.856, -2.870, -11.149, -0.769, -5.988, 4.030, -20.437, -5.152, 5.305, -9.556, 0.385, -9.335, 60.479,?
4.559, -2.034, -11.379, -2.584, -4.827, 5.195, -20.942, -6.841, 5.372, -9.275, 0.329, -10.064, 59.810,?
4.941, -3.028, -10.640, -0.564, -6.035, 4.688, -20.945, -5.348, 6.401, -11.240, 0.289, -7.288, 59.611,?
4.723, -5.178, -8.803, 1.238, -6.666, 3.015, -18.985, -5.922, 7.173, -13.470, 0.121, -4.542, 59.945,?
3.344, -5.764, -6.650, 2.199, -8.450, 1.872, -15.687, -5.465, 6.467, -12.880, -0.428, -2.745, 60.663,?
2.485, -6.145, -4.737, 3.247, -11.401, 1.074, -13.035, -4.305, 3.873, -12.638, -1.159, -2.152, 61.186,?
1.686, -6.783, -2.842, 3.547, -14.104, -0.072, -11.149, -5.520, 3.509, -13.203, -3.310, -0.534, 61.561,?
0.401, -7.330, -0.395, 2.598, -14.317, -1.874, -9.539, -5.198, 2.258, -12.603, -2.166, -1.166, 62.122,?
-0.731, -7.271, 1.684, 0.173, -13.599, -3.313, -8.002, -3.320, -1.097, -11.636, 1.662, -4.579, 62.437,?
-0.983, -7.074, 2.663, -0.493, -13.989, -2.843, -7.156, -0.462, -3.183, -10.659, 2.830, -6.818, 62.850,?
-1.068, -7.622, 1.713, 0.970, -17.132, -2.286, -6.966, -0.680, -4.432, -11.556, 2.686, -7.146, 63.572,?
-1.448, -7.768, 1.754, 0.946, -22.131, -0.408, -6.409, -2.890, -3.482, -11.101, 1.415, -7.842, 64.432,?
-1.323, -7.645, 2.805, -0.038, -24.897, 1.910, -7.390, -1.807, -3.659, -8.640, 2.088, -9.487, 66.045,?
-1.395, -7.852, 1.828, -3.451, -26.924, 3.289, -12.508, 2.144, -6.984, -8.766, 3.211, -13.478, 67.507,?
-1.239, -7.617, 0.265, -4.554, -28.312, 4.601, -16.501, 4.655, -7.925, -9.383, 5.658, -17.804, 68.785,?
-1.169, -6.543, -0.555, -4.643, -28.322, 4.407, -17.471, 6.488, -9.078, -8.793, 7.204, -20.781, 69.479,?
-0.986, -6.212, -0.389, -4.646, -27.324, 2.852, -17.183, 5.459, -11.475, -6.071, 5.916, -20.956, 69.324,?
-0.780, -6.622, 1.320, -5.170, -25.194, 2.097, -16.595, 4.842, -13.727, -2.906, 4.446, -17.371, 69.111,?
-1.865, -6.266, 1.098, -7.447, -23.506, -2.102, -15.770, 2.907, -16.397, -2.353, 2.995, -16.633, 68.975,?
-2.747, -4.712, -0.072, -6.441, -21.249, -6.569, -15.458, -0.568, -12.842, -4.044, 4.624, -17.719, 68.983,?
-2.877, -3.199, -0.371, -5.106, -20.623, -8.884, -14.626, -2.703, -9.254, -5.652, 6.031, -16.342, 68.475,?
-2.439, -2.217, 1.467, -4.198, -19.067, -10.628, -9.938, -2.967, -7.706, -3.417, 6.774, -13.787, 68.498,?
-2.284, -2.336, 3.213, -4.010, -16.291, -12.801, -5.933, -4.277, -5.433, -1.293, 5.594, -11.849, 68.677,?
-3.660, -1.629, 2.180, -4.692, -13.373, -14.348, -1.778, -3.736, -3.366, -0.387, 2.126, -10.804, 67.346,?
-4.002, -5.602, -4.253, -6.381, -10.405, -15.161, 1.546, 0.395, -8.694, -7.909, -2.620, -12.220, 68.135,?
-3.294, -7.366, -4.829, -7.903, -11.747, -15.548, 3.572, 2.611, -10.642, -7.431, -2.475, -12.570, 71.018,?
-3.821, -7.875, -4.024, -8.951, -11.130, -14.601, 4.755, 3.267, -9.813, -5.763, -4.056, -11.714, 72.892,?
-4.347, -9.778, -5.506, -10.378, -11.680, -14.043, 5.768, 1.565, -11.872, -5.977, -7.224, -11.438, 73.798,?
-4.204, -11.566, -7.649, -10.500, -12.332, -13.337, 7.368, 1.494, -15.192, -7.127, -7.440, -10.761, 74.537,?
-4.837, -11.402, -9.251, -10.579, -12.218, -11.735, 8.247, 2.780, -18.088, -7.852, -6.198, -9.900, 75.110,?
-5.249, -9.831, -9.165, -8.729, -11.411, -9.256, 9.368, 4.686, -17.163, -6.567, -4.616, -6.985, 75.273,?
-5.843, -9.346, -9.670, -8.297, -11.631, -10.026, 11.349, 3.614, -17.384, -6.403, -6.301, -4.590, 75.414,?
-6.184, -8.434, -10.022, -8.057, -11.113, -8.927, 10.581, 3.159, -17.386, -7.473, -5.321, -2.019, 75.353,?
-6.641, -8.674, -12.761, -7.196, -11.329, -9.717, 8.057, 2.489, -18.046, -9.337, -4.509, -1.860, 75.346,?
-6.283, -8.539, -14.109, -5.816, -11.853, -8.997, 7.659, 4.022, -18.346, -9.574, -3.905, -1.847, 75.393,?
-5.709, -8.067, -14.298, -3.872, -11.432, -8.008, 9.284, 6.219, -18.150, -8.811, -2.593, -1.560, 75.357,?
-5.624, -7.827, -14.249, -3.590, -9.500, -9.332, 9.597, 6.560, -17.746, -7.485, -4.304, -0.453, 75.624,?
-6.108, -8.111, -15.462, -4.340, -8.181, -11.832, 8.733, 5.677, -17.249, -7.510, -7.450, -0.613, 75.614,?
-6.531, -8.270, -17.781, -5.347, -7.636, -15.393, 6.663, 5.139, -16.150, -9.523, -10.657, -0.030, 75.144,?
-6.020, -7.520, -18.630, -5.273, -5.613, -16.577, 6.169, 5.180, -13.280, -10.134, -11.146, 2.719, 74.597,?
-4.954, -5.586, -19.403, -3.378, -3.398, -16.791, 6.156, 7.995, -9.491, -9.362, -9.978, 4.069, 74.338,?
-3.744, -4.307, -20.788, -1.668, -2.900, -18.323, 3.131, 10.380, -5.843, -8.239, -11.436, 2.849, 73.567,?
-3.011, -3.989, -22.800, -0.713, -4.541, -19.004, -0.931, 9.128, -2.941, -6.012, -14.771, -1.743, 72.492,?
-2.398, -2.753, -24.886, 0.600, -3.507, -19.966, -1.680, 7.256, -0.246, -3.008, -14.805, -5.613, 71.913,?
-2.202, -1.296, -26.421, 0.394, -2.630, -19.889, -3.910, 6.165, 2.087, -4.503, -13.073, -6.900, 71.382,?
-1.480, -1.095, -26.720, 1.358, -3.703, -18.111, -6.330, 5.827, 5.831, -5.667, -12.846, -5.812, 70.645,?
-1.329, -1.234, -27.146, 0.911, -4.880, -18.523, -8.305, 4.187, 5.756, -4.893, -14.554, -6.166, 70.087,?
-0.790, 0.254, -26.876, 1.586, -4.505, -17.742, -6.437, 2.230, 4.723, -1.420, -12.605, -6.627, 69.714,?
-0.396, 1.958, -27.316, 2.080, -4.440, -16.638, -4.751, 0.396, 1.885, 3.042, -11.783, -6.492, 69.006,?
0.218, 2.332, -27.390, 1.351, -5.386, -14.874, -4.428, -2.120, 2.245, 4.134, -12.273, -5.124, 68.296,?
0.609, 2.987, -27.925, 0.096, -4.445, -14.035, -6.014, -2.504, 3.596, 3.564, -12.858, -4.725, 67.874,?
1.103, 3.096, -28.521, -0.966, -3.813, -14.125, -7.241, -3.194, 2.081, 2.693, -10.514, -7.007, 67.205,?
2.168, 2.597, -27.395, -1.018, -3.200, -12.906, -7.348, -3.252, 1.137, 2.538, -7.982, -5.794, 66.662,?
2.845, 2.369, -27.080, -1.759, -2.593, -13.004, -8.943, -2.742, -0.069, 2.671, -8.231, -4.833, 65.973,?
3.258, 2.788, -27.313, -3.105, -0.290, -13.357, -11.443, -1.218, 0.879, 0.388, -6.927, -4.575, 65.416,?
2.729, 2.489, -25.941, -3.371, -1.022, -11.326, -11.668, -3.104, 3.010, 0.647, -9.363, -2.947, 65.677,?
2.377, 1.527, -24.920, -3.141, -1.613, -12.077, -10.769, -3.099, 1.643, 2.308, -9.852, -2.670, 65.942,?
2.495, 0.143, -23.058, -2.642, -1.860, -12.669, -11.151, -1.759, 2.117, 2.119, -9.448, -2.544, 66.117,?
2.111, -1.068, -22.472, -3.556, -3.085, -13.266, -13.669, -1.638, 3.265, -1.033, -10.909, -3.234, 66.101,?
1.667, -1.380, -20.167, -2.158, -4.216, -12.892, -12.001, -0.372, 3.739, 0.079, -11.218, -2.906, 66.713,?
1.201, -2.875, -20.093, -1.066, -6.374, -14.712, -11.021, 1.385, -0.010, 0.202, -12.727, -2.445, 67.788,?
-1.035, -5.595, -18.801, 1.601, -9.336, -17.942, -4.048, 6.830, -4.266, -2.870, -11.594, 0.459, 70.208,?
-3.832, -6.522, -18.340, 0.777, -12.086, -19.019, 3.054, 11.102, -11.419, -3.445, -10.802, -1.032, 72.279,?
-5.795, -7.476, -16.299, -1.660, -16.189, -16.097, 8.516, 10.544, -15.005, -1.655, -11.016, -2.460, 73.663,?
-7.232, -6.567, -13.210, -4.254, -17.430, -11.900, 10.256, 8.139, -16.239, 1.792, -9.152, -3.266, 74.241,?
-7.602, -5.686, -11.574, -7.306, -16.758, -9.221, 8.175, 5.973, -15.832, 3.905, -10.154, -4.535, 74.198,?
-8.012, -4.831, -10.925, -8.404, -17.037, -6.865, 7.539, 4.860, -13.538, 4.694, -11.587, -4.834, 74.324,?
-9.314, -4.295, -9.785, -9.282, -20.226, -4.274, 6.488, 3.234, -11.599, 5.480, -14.671, -5.455, 74.716,?
-9.939, -2.902, -7.326, -11.345, -19.965, -1.276, 4.319, 4.153, -8.115, 5.705, -15.338, -4.157, 75.023,?
-11.536, -2.112, -8.241, -15.355, -19.425, -3.306, -0.961, 3.632, -7.407, 1.227, -15.871, -4.966, 74.832,?
-11.661, -0.866, -6.656, -15.134, -18.937, -2.546, -0.823, 5.635, -5.420, 0.968, -14.093, -3.745, 74.849,?
-12.453, -0.067, -5.721, -16.496, -19.343, -3.017, -2.082, 5.283, -4.162, 0.530, -13.920, -3.745, 74.908,?
-13.351, 0.417, -5.830, -19.369, -19.087, -4.890, -6.770, 4.549, -3.686, -1.737, -14.979, -4.668, 74.742,?
-12.643, 2.865, -2.420, -18.041, -17.086, -4.241, -7.820, 7.432, -1.578, -1.122, -12.191, -3.575, 74.724,?
-13.000, 3.997, -2.583, -20.629, -18.821, -5.878, -10.412, 5.947, -4.855, -6.872, -10.756, -5.084, 73.616,?
-13.343, 4.575, -3.233, -20.914, -17.993, -4.982, -11.462, 6.895, -5.385, -7.434, -7.380, -4.679, 73.491,?
-13.464, 3.912, -3.883, -20.886, -17.463, -8.052, -15.703, 6.789, -7.606, -7.072, -6.504, -5.522, 73.238,?
-13.598, 4.284, -3.096, -20.898, -16.238, -9.031, -17.371, 7.105, -7.895, -6.568, -4.928, -5.561, 73.238,?
-12.501, 4.637, -2.545, -18.477, -13.899, -9.231, -18.048, 8.197, -7.464, -4.770, -2.751, -5.239, 72.878,?
-12.248, 4.178, -2.996, -18.739, -15.145, -12.045, -19.718, 6.546, -9.379, -4.762, -3.692, -8.260, 72.812,?
-12.148, 5.001, -1.975, -18.981, -15.891, -11.684, -19.208, 5.221, -8.269, -4.317, -2.123, -8.089, 73.026,?
-12.053, 5.017, -1.800, -18.678, -15.934, -10.862, -19.267, 6.366, -8.038, -5.282, -1.652, -6.836, 73.061,?
-11.502, 5.001, -2.279, -17.735, -14.429, -11.027, -20.663, 7.259, -7.030, -3.878, -1.552, -6.520, 72.911,?
-11.314, 5.731, -2.565, -17.839, -13.322, -11.177, -22.227, 5.610, -5.712, -2.975, -0.761, -6.513, 72.555,?
-11.688, 6.670, -1.821, -17.366, -14.510, -11.545, -24.166, 3.870, -3.998, -2.852, -0.059, -7.049, 72.380,?
-11.826, 6.929, -0.187, -18.496, -16.030, -13.447, -24.378, 4.296, -5.056, -2.808, -1.383, -7.266, 71.918,?
-11.750, 7.437, 1.004, -20.826, -15.046, -15.006, -25.221, 4.037, -4.752, -4.242, -1.959, -7.871, 71.497,?
-11.530, 7.635, 0.939, -21.100, -14.456, -14.489, -25.735, 3.227, -2.868, -5.128, -2.461, -9.094, 71.484,?
-11.290, 7.710, 1.898, -19.624, -14.835, -14.404, -24.383, 3.241, -2.575, -3.839, -2.392, -9.248, 71.433,?
-10.531, 6.951, 2.810, -19.220, -17.168, -13.598, -22.453, 4.604, -4.660, -5.242, -0.922, -8.105, 71.172,?
-10.232, 5.481, 1.846, -20.404, -21.270, -14.405, -22.628, 1.541, -6.584, -8.340, -3.500, -9.839, 70.309,?
-9.534, 6.868, 3.652, -19.061, -20.736, -12.646, -19.687, -0.277, -3.043, -5.267, -4.373, -7.934, 69.873,?
-9.719, 7.085, 3.678, -17.794, -20.959, -12.972, -21.542, -1.758, -1.233, -3.963, -7.237, -8.838, 69.602,?
-8.981, 6.174, 4.165, -15.616, -21.610, -11.866, -19.403, -2.918, -3.409, -1.334, -8.610, -9.245, 69.477,?
-7.682, 5.403, 3.616, -13.329, -20.978, -9.851, -16.618, -5.142, -5.136, -0.393, -7.087, -10.060, 68.777,?
-6.750, 4.580, 2.321, -11.611, -19.267, -11.488, -15.643, -5.847, -5.197, 0.283, -8.377, -12.607, 67.651,?
-6.526, 4.710, 2.402, -8.013, -19.582, -12.778, -14.879, -6.464, -5.002, 4.311, -8.400, -16.119, 67.038,?
-5.516, 4.022, 2.346, -6.679, -17.977, -10.498, -13.334, -9.015, -6.397, 6.446, -4.606, -17.614, 66.103,?
-4.242, 3.186, 2.147, -6.069, -16.134, -8.299, -11.178, -8.008, -6.224, 2.498, -0.906, -19.851, 64.396,?
-5.155, 4.419, 2.945, -6.027, -15.551, -5.389, -9.718, -6.593, -5.557, -0.553, -1.981, -17.029, 62.452,?
-7.061, 4.771, 3.654, -5.291, -13.693, -1.927, -10.359, -7.134, -8.423, 0.339, -4.387, -14.955, 60.661,?
-7.806, 6.570, 2.922, -1.914, -11.676, -0.212, -8.681, -2.709, -7.175, 2.138, -4.566, -11.939, 58.446,?
-9.100, 12.681, 1.573, 0.654, -12.417, 2.794, -7.155, -0.509, -4.434, 0.281, -2.794, -7.059, 56.099,?
-11.137, 15.179, 1.279, 3.147, -10.352, 7.641, -6.514, -4.913, -0.460, -2.889, -8.319, -3.305, 56.163,?
-14.465, 18.257, 5.229, 1.182, -12.380, 15.236, -3.270, -10.259, -3.536, -5.505, -13.105, -8.494, 55.574,?
-14.792, 19.026, 3.858, -1.691, -13.699, 12.792, -8.575, -15.198, -5.792, -9.644, -14.020, -4.469, 56.631,?
-13.183, 15.520, 3.219, 1.520, -15.149, 5.336, -7.478, -11.102, -4.166, -9.419, -11.833, -3.095, 58.371,?
-11.763, 13.809, 4.710, 2.306, -20.425, 2.763, -6.632, -10.094, -5.169, -10.187, -10.150, -1.853, 59.941,?
-9.589, 11.604, 3.099, -0.805, -18.707, -0.244, -12.415, -5.670, -9.076, -6.728, -10.366, -3.640, 62.208,?
-7.261, 8.799, 2.948, -4.846, -18.518, -3.860, -20.263, 2.878, -10.756, -3.936, -10.594, -7.292, 64.289,?
-6.126, 4.893, 6.262, -8.290, -21.748, -6.345, -23.808, 5.386, -11.425, -0.565, -14.093, -9.377, 65.982,?
-5.780, 2.785, 7.952, -9.998, -22.969, -8.352, -26.515, 6.249, -11.970, 0.315, -15.903, -10.549, 66.866,?
-6.833, 4.320, 9.188, -11.075, -20.106, -10.254, -25.713, 5.326, -7.518, -0.476, -12.379, -10.564, 68.013,?
-7.405, 6.053, 8.288, -13.837, -18.901, -10.602, -24.497, 5.728, -4.633, -2.235, -9.829, -11.669, 68.937,?
-7.929, 6.160, 5.786, -17.048, -19.723, -9.345, -25.245, 3.846, -6.525, -4.112, -8.293, -12.892, 69.564,?
-7.649, 6.747, 6.450, -17.694, -18.870, -7.667, -22.423, 3.793, -6.214, -2.906, -5.919, -12.172, 69.875,?
-8.432, 6.836, 5.395, -18.761, -17.713, -10.192, -22.484, 3.010, -7.177, -2.795, -5.948, -11.547, 70.176,?
-8.515, 6.787, 4.558, -18.155, -15.175, -12.701, -23.041, 3.452, -6.755, -2.213, -4.340, -11.553, 70.367,?
-7.818, 7.596, 4.759, -17.665, -12.515, -13.065, -23.804, 4.587, -5.885, -1.742, -1.326, -11.787, 69.980,?
-8.077, 8.030, 3.828, -18.985, -12.456, -13.188, -26.781, 3.681, -7.008, -2.502, -1.411, -13.303, 69.595,?
-8.490, 9.107, 5.122, -18.524, -12.928, -13.201, -25.270, 4.650, -5.220, -0.067, -3.208, -14.025, 69.765,?
-8.447, 9.767, 5.368, -17.835, -14.339, -14.850, -24.637, 6.424, -5.787, -0.416, -3.456, -14.395, 69.379,?
-8.015, 9.242, 4.022, -16.461, -15.203, -16.535, -22.559, 6.060, -7.995, -2.197, -2.344, -12.390, 68.971,?
-7.680, 8.431, 3.815, -16.723, -14.097, -17.199, -20.959, 3.373, -6.114, -4.566, -2.022, -10.681, 68.663,?
-7.572, 7.877, 3.329, -17.143, -12.795, -14.817, -22.939, 2.467, -5.811, -5.997, -0.783, -10.740, 68.869,?
-6.936, 7.569, 4.482, -15.078, -10.984, -10.930, -22.372, 4.477, -5.130, -3.068, -0.091, -9.798, 68.592,?
-6.187, 6.390, 5.061, -13.310, -9.300, -8.230, -21.111, 4.586, -5.085, 0.309, -0.416, -8.924, 66.641,?
-5.691, 6.359, 1.745, -11.027, -7.274, -3.152, -15.893, 1.300, -7.170, -1.145, -3.247, -7.773, 63.317,?
-4.434, 8.031, 0.681, -8.353, -6.979, -0.767, -9.333, -5.230, -9.189, -1.987, -5.012, -6.492, 61.547,?
-3.981, 9.276, 1.058, -12.197, -5.737, -1.247, -7.450, -4.851, -11.150, 0.427, -5.002, -7.499, 60.595,?
-2.472, 9.261, -0.889, -12.002, -2.991, -0.820, -4.692, -2.248, -13.745, 0.776, -3.715, -6.369, 58.773,?
0.701, 8.381, -1.161, -11.626, -4.321, 2.614, -3.382, -2.455, -12.228, 1.485, -4.383, -4.791, 55.994,?
5.048, 5.876, -0.093, -12.026, -6.036, 5.966, -4.503, -3.088, -9.851, -1.278, -3.069, -2.186, 52.859,?
5.580, 6.754, -0.604, -10.706, -6.241, 6.544, -5.422, -3.362, -8.826, -4.488, -0.206, -4.603, 51.372,?
4.792, 10.895, -2.122, -8.581, -6.491, 4.670, -7.571, -3.788, -9.041, -4.364, 1.578, -5.220, 48.460,?
3.296, 15.044, -2.601, -7.578, -8.428, 5.376, -13.954, -5.042, -7.094, -4.396, -1.303, -8.088, 47.790,?
0.450, 14.528, -1.843, -6.086, -12.520, 12.126, -16.555, -7.170, -9.130, -1.535, -4.216, -15.072, 49.478,?
-1.960, 10.333, -6.773, -9.816, -14.948, 18.064, -10.833, -8.190, -12.819, 3.890, -0.640, -17.590, 53.359,?
-2.273, 11.159, -7.730, -10.490, -17.291, 12.853, -10.555, -6.674, -11.223, 8.942, 2.756, -16.820, 57.431,?
-3.283, 10.983, -3.983, -8.646, -21.756, 2.773, -8.612, -5.015, -12.023, 5.226, 0.320, -16.093, 60.845,?
-2.947, 7.020, -4.257, -11.472, -20.667, 0.465, -4.827, -1.590, -11.213, 3.789, -4.744, -15.751, 64.619,?
-3.583, 2.894, -6.674, -15.668, -19.350, -0.151, -2.886, -1.754, -11.151, 3.676, -7.190, -16.473, 67.272,?
-5.050, 0.393, -9.072, -16.949, -18.059, -2.018, -1.228, -4.167, -11.589, 2.056, -8.162, -17.132, 69.284,?
-5.542, -0.510, -8.195, -14.469, -14.967, -3.679, 1.827, -3.668, -11.259, 3.796, -6.254, -13.836, 70.726,?
-7.718, -4.109, -8.985, -15.384, -15.564, -7.577, -0.206, -7.119, -13.624, -2.062, -8.461, -15.750, 71.846,?
-7.331, -5.635, -7.131, -13.786, -13.251, -5.692, 3.178, -5.196, -13.834, -2.790, -5.942, -16.448, 73.200,?
-6.603, -7.123, -6.485, -13.029, -13.040, -2.579, 2.568, -1.817, -15.268, -2.593, -4.028, -17.434, 74.282,?
-7.527, -8.786, -8.055, -14.735, -15.484, -4.975, 1.454, -5.669, -17.068, -6.911, -6.037, -18.585, 75.032,?
-6.960, -9.080, -6.778, -12.662, -12.985, -2.774, 5.295, -3.579, -16.876, -5.621, -3.663, -16.523, 75.972,?
-7.565, -12.121, -9.851, -14.213, -14.849, -4.694, 2.807, -6.672, -21.961, -9.702, -5.255, -19.432, 75.880,?
-6.914, -12.030, -9.015, -12.268, -13.110, -2.591, 3.806, -3.887, -20.839, -8.728, -2.925, -17.567, 76.022,?
-5.708, -11.675, -7.693, -10.021, -12.422, -1.499, 4.241, -0.996, -20.596, -7.247, -0.272, -15.593, 75.508,?
-5.580, -12.816, -8.865, -9.115, -13.202, -3.460, 2.268, -1.393, -23.460, -8.045, 0.494, -15.469, 75.365,?
-6.029, -14.423, -10.053, -8.705, -12.579, -6.377, -1.960, -1.298, -25.958, -10.472, -0.052, -15.083, 75.393,?
-4.604, -13.812, -9.537, -4.538, -8.793, -3.894, -2.542, 3.350, -23.628, -7.891, 2.964, -12.338, 75.563,?
-4.091, -14.152, -8.940, -3.696, -7.454, -2.756, -2.276, 4.071, -22.169, -7.219, 3.293, -10.539, 75.619,?
-4.339, -14.647, -9.289, -3.215, -6.054, -4.335, -2.365, 2.773, -20.333, -10.012, 5.007, -11.343, 75.930,?
-4.585, -16.300, -10.648, -3.789, -4.885, -7.068, -4.327, 1.310, -21.163, -13.227, 4.804, -12.472, 75.688,?
-4.911, -16.643, -11.572, -3.734, -3.865, -7.227, -6.207, 1.867, -21.173, -13.025, 3.625, -11.552, 75.708,?
-4.164, -15.366, -11.022, -1.452, -2.634, -4.874, -6.181, 3.789, -19.110, -11.425, 5.076, -8.639, 75.832,?
-4.007, -15.072, -11.474, -0.811, -1.287, -6.115, -5.687, 3.640, -19.723, -10.372, 5.276, -8.101, 75.765,?
-3.986, -14.980, -11.702, -0.339, -0.063, -7.104, -5.452, 3.935, -19.885, -9.553, 4.778, -7.248, 75.850,?
-4.213, -15.402, -12.951, -1.154, -0.088, -9.012, -6.167, 2.157, -20.663, -10.495, 2.691, -5.890, 75.611,?
-4.753, -14.978, -14.005, -2.651, 0.159, -10.567, -6.841, 0.580, -20.489, -12.158, 1.853, -6.036, 75.373,?
-4.632, -13.857, -13.633, -1.831, 2.738, -10.891, -4.339, 2.001, -18.618, -11.459, 3.468, -5.574, 75.581,?
-4.509, -13.273, -14.226, 0.019, 2.596, -11.053, -3.527, 2.194, -19.583, -9.869, 3.981, -6.152, 75.604,?
-4.864, -14.172, -14.493, -1.165, 2.119, -11.388, -5.231, 1.368, -20.984, -10.377, 2.567, -6.093, 75.491,?
-4.306, -13.743, -14.110, -1.383, 3.093, -11.053, -5.337, 2.905, -20.399, -9.428, 1.878, -2.492, 75.301,?
-4.434, -14.623, -14.803, -2.771, 2.819, -13.130, -6.020, 1.220, -20.748, -10.664, 0.351, -1.773, 74.967,?
-3.405, -15.270, -12.373, -2.274, 3.705, -10.780, -4.761, 1.448, -17.999, -9.409, 1.279, -0.993, 74.992,?
-3.349, -14.827, -12.311, -2.556, 4.927, -11.617, -4.215, 2.672, -18.082, -8.973, 1.465, -1.329, 75.276,?
-3.762, -14.694, -13.550, -3.256, 5.042, -13.961, -3.924, 2.604, -19.091, -11.143, 2.144, -3.116, 75.144,?
-3.688, -14.402, -13.817, -3.019, 3.816, -13.342, -3.535, 2.927, -18.105, -11.603, 2.606, -4.268, 75.033,?
-4.548, -14.133, -14.461, -3.294, 3.512, -13.652, -3.693, 2.424, -18.212, -11.837, 1.993, -4.039, 75.268,?
-4.515, -13.705, -13.612, -2.806, 5.151, -13.367, -3.181, 4.447, -17.815, -10.048, 3.325, -4.090, 75.439,?
-4.043, -14.357, -12.629, -3.202, 4.616, -12.298, -4.394, 4.469, -16.455, -9.740, 2.086, -3.402, 75.325,?
-3.638, -14.551, -11.706, -2.756, 6.677, -12.296, -2.446, 4.372, -15.282, -8.769, 1.961, -1.414, 75.413,?
-3.446, -16.070, -11.028, -3.868, 5.049, -12.790, -2.350, 1.928, -15.662, -9.241, 0.833, -2.611, 74.965,?
-2.707, -16.638, -10.138, -4.093, 4.250, -11.936, -1.579, 0.524, -13.870, -9.687, 0.862, -1.821, 74.535,?
-2.442, -16.691, -9.878, -3.978, 5.015, -13.513, 0.283, -0.929, -13.008, -9.584, 0.398, -0.486, 74.495,?
-2.284, -17.052, -9.676, -5.126, 6.551, -15.610, 0.357, -0.104, -13.102, -10.626, 2.819, -2.300, 74.310,?
-1.503, -15.852, -9.455, -3.633, 7.615, -14.300, 0.646, 4.089, -13.058, -8.512, 5.970, -2.359, 74.192,?
-1.994, -17.040, -8.759, -5.124, 5.835, -15.038, 0.479, 0.274, -11.433, -11.155, 4.604, -3.255, 73.988,?
-2.225, -17.888, -7.713, -5.529, 4.450, -12.320, -1.518, 0.653, -10.825, -12.415, 5.397, -3.840, 74.080,?
-1.438, -18.290, -6.898, -5.936, 5.481, -12.174, -1.394, 2.031, -10.669, -13.612, 8.308, -5.675, 73.692,?
-1.416, -17.988, -7.101, -6.709, 6.680, -13.476, -0.105, 1.330, -10.331, -14.216, 9.829, -6.461, 73.607,?
-1.912, -17.161, -7.157, -6.292, 6.685, -13.068, 1.644, 0.044, -9.892, -12.279, 9.129, -6.318, 73.823,?
-2.270, -16.292, -7.395, -6.978, 7.596, -13.505, 2.506, -1.085, -8.650, -11.289, 7.791, -6.908, 73.641,?
-2.526, -15.381, -8.710, -5.876, 7.753, -13.255, 1.825, 0.984, -10.390, -9.256, 7.963, -6.804, 73.649,?
-2.413, -16.370, -8.750, -5.926, 6.711, -13.732, 2.027, -0.390, -9.922, -10.417, 10.284, -9.837, 73.536,?
-1.990, -16.234, -7.670, -5.564, 5.932, -13.196, 3.212, -1.468, -9.345, -10.338, 11.597, -11.207, 73.378,?
-2.176, -15.530, -7.984, -4.864, 4.129, -11.723, 1.919, -1.517, -10.090, -9.937, 11.393, -11.865, 73.074,?
-2.346, -14.512, -7.834, -4.900, 4.650, -10.483, 0.673, 1.140, -10.857, -9.191, 11.943, -11.736, 72.978,?
-2.471, -14.023, -7.107, -5.068, 5.241, -9.189, 0.562, 2.059, -10.698, -8.073, 10.919, -10.048, 73.184,?
-2.531, -14.346, -7.169, -5.617, 4.433, -10.113, 0.530, 1.137, -12.596, -7.854, 8.073, -9.257, 73.027,?
-2.703, -13.791, -6.938, -4.924, 2.363, -8.334, 0.095, 0.609, -12.352, -7.548, 7.566, -8.893, 72.838,?
-2.784, -12.404, -7.532, -4.300, 0.338, -7.438, 0.943, -0.335, -11.410, -8.531, 7.370, -8.534, 72.496,?
-2.484, -11.568, -7.297, -4.972, 0.322, -6.024, 1.130, 1.286, -12.194, -8.995, 8.450, -8.689, 72.096,?
-2.060, -11.689, -6.610, -5.343, 0.613, -4.879, 0.664, 2.635, -12.094, -7.933, 8.271, -8.254, 71.845,?
-2.005, -11.800, -5.828, -6.716, -0.533, -5.309, 1.091, 3.317, -13.119, -7.044, 6.432, -7.783, 71.611,?
-2.043, -11.249, -5.791, -7.209, -2.776, -5.698, 1.568, 3.264, -14.772, -5.730, 4.498, -8.253, 71.205,?
-1.908, -9.955, -5.466, -7.615, -4.157, -5.365, 1.990, 3.559, -14.191, -5.036, 3.722, -8.515, 70.749,?
-1.659, -9.126, -4.558, -8.374, -5.729, -5.126, 1.081, 5.510, -13.604, -5.133, 2.576, -8.570, 70.195,?
-0.710, -7.983, -3.619, -8.638, -8.130, -5.523, 1.121, 6.664, -13.618, -4.201, 2.860, -8.391, 68.921,?
-0.019, -8.345, -2.557, -8.638, -10.126, -4.667, -0.922, 8.195, -15.053, -2.741, 2.076, -8.465, 67.888,?
0.671, -7.654, -1.248, -8.530, -11.313, -5.512, -2.499, 8.914, -16.290, -1.175, 1.635, -8.275, 67.112,?
1.256, -5.571, 0.695, -6.757, -12.951, -7.191, -3.509, 9.945, -15.164, -0.147, 1.546, -7.793, 65.265,?
1.466, -1.861, 1.827, -2.838, -14.798, -8.314, -4.319, 10.284, -14.020, 0.071, 1.635, -6.802, 62.162,?
0.892, 1.284, 3.611, 1.003, -16.244, -8.091, -8.088, 6.444, -10.167, 1.845, -0.855, -2.126, 58.530,?
1.113, 3.173, 2.660, -0.316, -14.288, -3.789, -12.155, 5.378, -8.653, 3.688, -5.404, -3.622, 56.430,?
1.796, 5.337, 2.732, -1.449, -13.515, -2.219, -10.748, 4.011, -8.743, 2.548, -4.816, -2.928, 55.308,?
3.244, 7.519, 1.949, -2.137, -15.100, -3.174, -5.809, 1.871, -11.266, 1.192, -2.377, -1.783, 53.255,?
4.564, 9.088, 1.900, -1.633, -14.860, -2.922, -3.081, 3.360, -10.635, 1.993, -0.416, -2.018, 50.428,?
5.473, 8.748, 2.044, -1.777, -14.601, 0.019, -7.423, 4.070, -7.835, 0.913, -0.080, -2.149, 47.366,?
5.135, 7.793, 3.810, -0.904, -12.187, -1.908, -13.216, 9.561, -10.451, 3.820, -1.692, -4.006, 44.784,?
5.091, 7.801, 5.026, -0.398, -10.658, -2.291, -13.165, 7.782, -11.142, 2.452, -3.537, -2.796, 44.527,?
3.055, 8.112, 5.457, 1.221, -11.214, -0.260, -7.459, 2.006, -8.781, -3.752, -0.972, -2.306, 44.046,?
-2.071, 7.560, 6.510, 2.966, -6.991, 0.162, -4.598, -3.188, -4.646, -4.411, -0.131, 0.913, 44.798,?
-10.008, -1.003, 6.813, 3.783, -7.553, 5.418, 0.989, -1.515, -3.231, -3.147, -2.182, -0.592, 49.425,?
-14.088, -7.385, 3.239, -0.208, -8.449, 11.505, 8.921, 5.170, -2.978, -3.640, 0.749, 1.813, 58.441,?
-14.129, -7.901, 3.924, 0.490, -8.555, 12.744, 9.777, 6.105, -1.474, -3.472, -1.068, 1.427, 63.131,?
-13.556, -7.485, 5.040, 0.828, -9.468, 12.139, 8.801, 6.706, 1.294, -1.268, -0.126, 3.269, 63.256,?
-12.812, -4.923, 6.534, 0.828, -12.002, 9.480, 5.367, 6.885, 6.284, 2.237, 5.450, 6.193, 59.165,?
-12.461, 1.860, 6.467, -1.537, -9.995, 7.913, 0.125, 5.185, 10.853, 6.246, 5.398, 3.946, 53.174,?
-12.196, 0.049, 3.414, -4.599, -4.882, 13.719, -2.733, 7.469, 8.556, 7.827, 3.961, 2.965, 50.952,?
-10.503, -4.109, 1.661, -6.110, -0.757, 21.513, -5.354, 12.897, 1.977, 9.586, -0.473, -0.672, 51.085,?
-9.380, -6.729, 0.809, -4.858, -2.497, 22.844, -9.992, 12.954, -5.069, 8.001, -5.509, -4.724, 51.395,?
-9.549, -8.199, 2.106, -2.716, -2.804, 23.910, -6.431, 11.359, -8.902, 5.689, -2.748, -5.625, 51.544,?
-10.622, -8.862, 1.624, -0.439, -3.536, 24.369, -6.492, 7.841, -12.695, -0.309, 0.852, -5.054, 51.035,?
-9.873, -5.753, 1.260, -0.891, -5.629, 23.732, -6.359, 7.981, -11.963, 0.883, 4.266, -3.035, 50.189,?
-9.242, -3.369, 2.479, -1.075, -1.961, 23.657, -3.708, 3.004, -10.926, 2.573, 4.097, -0.371, 49.265,?
-8.311, -4.150, 2.039, -2.152, 1.280, 21.081, -2.738, 3.889, -5.044, 3.475, 0.859, 0.235, 48.895,?
-8.445, -5.307, 2.263, -0.960, 0.934, 19.277, -5.084, 8.072, -0.595, -0.354, -0.229, -2.304, 47.886,?
-8.755, -5.190, 4.457, 3.138, 2.677, 21.195, -4.845, 7.731, -1.338, -2.305, -0.087, -8.293, 46.600,?
-8.004, -6.100, 5.528, 4.115, 5.422, 23.324, -3.048, 2.477, -4.450, -0.885, 0.284, -8.329, 45.352,?
-6.711, -5.420, 4.037, 4.149, 2.480, 21.457, 5.097, 0.462, -3.781, 3.361, 3.316, -5.778, 44.481,?
-6.174, -2.830, 1.502, 5.975, 0.445, 19.838, 9.326, 3.454, -2.297, 5.385, 3.996, -7.483, 43.921,?
-5.802, 0.053, 1.486, 7.075, -0.374, 16.469, 3.859, 2.141, 0.242, 0.954, 3.673, -8.297, 42.586,?
-6.257, 0.287, -0.631, 7.940, 4.331, 13.118, 0.706, 1.600, 1.101, 0.157, 5.576, -5.406, 41.226,?
-5.875, 0.857, -2.223, 8.821, 10.569, 17.026, 0.475, 2.891, 4.119, 1.792, 1.819, -5.356, 40.173,?
-5.336, 2.766, -2.739, 7.139, 9.200, 15.758, 0.104, 2.709, 3.730, 3.993, -0.354, -4.697, 39.182,?
-6.548, 2.955, -2.579, 4.973, 6.055, 10.538, 1.578, -0.738, -0.745, 4.206, 0.787, -0.137, 38.120,?
-8.779, 2.575, -1.884, 5.133, 6.289, 8.689, 0.390, -3.358, 1.479, 5.931, 3.436, 4.466, 36.012,?
